gates / Playwright	UNKNOWN STEP	﻿2026-05-28T03:51:36.7978174Z Current runner version: '2.334.0'
gates / Playwright	UNKNOWN STEP	2026-05-28T03:51:36.8012093Z ##[group]Runner Image Provisioner
gates / Playwright	UNKNOWN STEP	2026-05-28T03:51:36.8013349Z Hosted Compute Agent
gates / Playwright	UNKNOWN STEP	2026-05-28T03:51:36.8014245Z Version: 20260520.533
gates / Playwright	UNKNOWN STEP	2026-05-28T03:51:36.8015194Z Commit: 189110e25284a9812c124fd27b339e2fb4f2f9db
gates / Playwright	UNKNOWN STEP	2026-05-28T03:51:36.8016366Z Build Date: 2026-05-20T17:44:04Z
gates / Playwright	UNKNOWN STEP	2026-05-28T03:51:36.8017407Z Worker ID: {fcd88f97-1ec3-4f54-a5a5-93eab185e2dd}
gates / Playwright	UNKNOWN STEP	2026-05-28T03:51:36.8018680Z Azure Region: eastus
gates / Playwright	UNKNOWN STEP	2026-05-28T03:51:36.8019556Z ##[endgroup]
gates / Playwright	UNKNOWN STEP	2026-05-28T03:51:36.8021857Z ##[group]Operating System
gates / Playwright	UNKNOWN STEP	2026-05-28T03:51:36.8022913Z Ubuntu
gates / Playwright	UNKNOWN STEP	2026-05-28T03:51:36.8023827Z 24.04.4
gates / Playwright	UNKNOWN STEP	2026-05-28T03:51:36.8024650Z LTS
gates / Playwright	UNKNOWN STEP	2026-05-28T03:51:36.8025482Z ##[endgroup]
gates / Playwright	UNKNOWN STEP	2026-05-28T03:51:36.8026321Z ##[group]Runner Image
gates / Playwright	UNKNOWN STEP	2026-05-28T03:51:36.8027271Z Image: ubuntu-24.04
gates / Playwright	UNKNOWN STEP	2026-05-28T03:51:36.8028122Z Version: 20260525.161.1
gates / Playwright	UNKNOWN STEP	2026-05-28T03:51:36.8030380Z Included Software: https://github.com/actions/runner-images/blob/ubuntu24/20260525.161/images/ubuntu/Ubuntu2404-Readme.md
gates / Playwright	UNKNOWN STEP	2026-05-28T03:51:36.8032855Z Image Release: https://github.com/actions/runner-images/releases/tag/ubuntu24%2F20260525.161
gates / Playwright	UNKNOWN STEP	2026-05-28T03:51:36.8034476Z ##[endgroup]
gates / Playwright	UNKNOWN STEP	2026-05-28T03:51:36.8036286Z ##[group]GITHUB_TOKEN Permissions
gates / Playwright	UNKNOWN STEP	2026-05-28T03:51:36.8039131Z Contents: read
gates / Playwright	UNKNOWN STEP	2026-05-28T03:51:36.8040003Z Metadata: read
gates / Playwright	UNKNOWN STEP	2026-05-28T03:51:36.8041149Z ##[endgroup]
gates / Playwright	UNKNOWN STEP	2026-05-28T03:51:36.8044049Z Secret source: Actions
gates / Playwright	UNKNOWN STEP	2026-05-28T03:51:36.8045247Z Prepare workflow directory
gates / Playwright	UNKNOWN STEP	2026-05-28T03:51:36.8490736Z Prepare all required actions
gates / Playwright	UNKNOWN STEP	2026-05-28T03:51:36.8542979Z Getting action download info
gates / Playwright	UNKNOWN STEP	2026-05-28T03:51:37.1721751Z Download action repository 'actions/checkout@v6' (SHA:de0fac2e4500dabe0009e67214ff5f5447ce83dd)
gates / Playwright	UNKNOWN STEP	2026-05-28T03:51:37.2927559Z Download action repository 'pnpm/action-setup@v6' (SHA:0e279bb959325dab635dd2c09392533439d90093)
gates / Playwright	UNKNOWN STEP	2026-05-28T03:51:37.4194936Z Download action repository 'actions/setup-node@v6' (SHA:48b55a011bda9f5d6aeb4c2d9c7362e8dae4041e)
gates / Playwright	UNKNOWN STEP	2026-05-28T03:51:37.5074034Z Download action repository 'actions/upload-artifact@v7' (SHA:043fb46d1a93c77aae656e7c1c64a875d1fc6a0a)
gates / Playwright	UNKNOWN STEP	2026-05-28T03:51:37.6873077Z Uses: kl3inIT/zero-mail/.github/workflows/gates.yml@refs/pull/72/merge (5939077a94c7e76da69e04d8b0aa24ac9dcf956c)
gates / Playwright	UNKNOWN STEP	2026-05-28T03:51:37.6877688Z ##[group] Inputs
gates / Playwright	UNKNOWN STEP	2026-05-28T03:51:37.6878608Z   run-ai-eval: true
gates / Playwright	UNKNOWN STEP	2026-05-28T03:51:37.6879120Z ##[endgroup]
gates / Playwright	UNKNOWN STEP	2026-05-28T03:51:37.6879631Z Complete job name: gates / Playwright
gates / Playwright	UNKNOWN STEP	2026-05-28T03:51:37.7612948Z ##[group]Run actions/checkout@v6
gates / Playwright	UNKNOWN STEP	2026-05-28T03:51:37.7613828Z with:
gates / Playwright	UNKNOWN STEP	2026-05-28T03:51:37.7614299Z   repository: kl3inIT/zero-mail
gates / Playwright	UNKNOWN STEP	2026-05-28T03:51:37.7619419Z   token: ***
gates / Playwright	UNKNOWN STEP	2026-05-28T03:51:37.7619898Z   ssh-strict: true
gates / Playwright	UNKNOWN STEP	2026-05-28T03:51:37.7620595Z   ssh-user: git
gates / Playwright	UNKNOWN STEP	2026-05-28T03:51:37.7621095Z   persist-credentials: true
gates / Playwright	UNKNOWN STEP	2026-05-28T03:51:37.7621657Z   clean: true
gates / Playwright	UNKNOWN STEP	2026-05-28T03:51:37.7622136Z   sparse-checkout-cone-mode: true
gates / Playwright	UNKNOWN STEP	2026-05-28T03:51:37.7622731Z   fetch-depth: 1
gates / Playwright	UNKNOWN STEP	2026-05-28T03:51:37.7623194Z   fetch-tags: false
gates / Playwright	UNKNOWN STEP	2026-05-28T03:51:37.7623675Z   show-progress: true
gates / Playwright	UNKNOWN STEP	2026-05-28T03:51:37.7624218Z   lfs: false
gates / Playwright	UNKNOWN STEP	2026-05-28T03:51:37.7624952Z   submodules: false
gates / Playwright	UNKNOWN STEP	2026-05-28T03:51:37.7625743Z   set-safe-directory: true
gates / Playwright	UNKNOWN STEP	2026-05-28T03:51:37.7626863Z ##[endgroup]
gates / Playwright	UNKNOWN STEP	2026-05-28T03:51:37.8692390Z Syncing repository: kl3inIT/zero-mail
gates / Playwright	UNKNOWN STEP	2026-05-28T03:51:37.8694548Z ##[group]Getting Git version info
gates / Playwright	UNKNOWN STEP	2026-05-28T03:51:37.8695448Z Working directory is '/home/runner/work/zero-mail/zero-mail'
gates / Playwright	UNKNOWN STEP	2026-05-28T03:51:37.8696776Z [command]/usr/bin/git version
gates / Playwright	UNKNOWN STEP	2026-05-28T03:51:37.8713240Z git version 2.54.0
gates / Playwright	UNKNOWN STEP	2026-05-28T03:51:37.8767487Z ##[endgroup]
gates / Playwright	UNKNOWN STEP	2026-05-28T03:51:37.8781492Z Temporarily overriding HOME='/home/runner/work/_temp/8ac6e902-d03c-421e-969c-7c77dca662a8' before making global git config changes
gates / Playwright	UNKNOWN STEP	2026-05-28T03:51:37.8784234Z Adding repository directory to the temporary git global config as a safe directory
gates / Playwright	UNKNOWN STEP	2026-05-28T03:51:37.8787047Z [command]/usr/bin/git config --global --add safe.directory /home/runner/work/zero-mail/zero-mail
gates / Playwright	UNKNOWN STEP	2026-05-28T03:51:37.8832654Z Deleting the contents of '/home/runner/work/zero-mail/zero-mail'
gates / Playwright	UNKNOWN STEP	2026-05-28T03:51:37.8837817Z ##[group]Initializing the repository
gates / Playwright	UNKNOWN STEP	2026-05-28T03:51:37.8842574Z [command]/usr/bin/git init /home/runner/work/zero-mail/zero-mail
gates / Playwright	UNKNOWN STEP	2026-05-28T03:51:37.8914158Z hint: Using 'master' as the name for the initial branch. This default branch name
gates / Playwright	UNKNOWN STEP	2026-05-28T03:51:37.8916084Z hint: will change to "main" in Git 3.0. To configure the initial branch name
gates / Playwright	UNKNOWN STEP	2026-05-28T03:51:37.8917835Z hint: to use in all of your new repositories, which will suppress this warning,
gates / Playwright	UNKNOWN STEP	2026-05-28T03:51:37.8919145Z hint: call:
gates / Playwright	UNKNOWN STEP	2026-05-28T03:51:37.8919783Z hint:
gates / Playwright	UNKNOWN STEP	2026-05-28T03:51:37.8920864Z hint: 	git config --global init.defaultBranch <name>
gates / Playwright	UNKNOWN STEP	2026-05-28T03:51:37.8922035Z hint:
gates / Playwright	UNKNOWN STEP	2026-05-28T03:51:37.8922933Z hint: Names commonly chosen instead of 'master' are 'main', 'trunk' and
gates / Playwright	UNKNOWN STEP	2026-05-28T03:51:37.8923996Z hint: 'development'. The just-created branch can be renamed via this command:
gates / Playwright	UNKNOWN STEP	2026-05-28T03:51:37.8924830Z hint:
gates / Playwright	UNKNOWN STEP	2026-05-28T03:51:37.8925290Z hint: 	git branch -m <name>
gates / Playwright	UNKNOWN STEP	2026-05-28T03:51:37.8925808Z hint:
gates / Playwright	UNKNOWN STEP	2026-05-28T03:51:37.8926501Z hint: Disable this message with "git config set advice.defaultBranchName false"
gates / Playwright	UNKNOWN STEP	2026-05-28T03:51:37.8927995Z Initialized empty Git repository in /home/runner/work/zero-mail/zero-mail/.git/
gates / Playwright	UNKNOWN STEP	2026-05-28T03:51:37.8929805Z [command]/usr/bin/git remote add origin https://github.com/kl3inIT/zero-mail
gates / Playwright	UNKNOWN STEP	2026-05-28T03:51:37.8966350Z ##[endgroup]
gates / Playwright	UNKNOWN STEP	2026-05-28T03:51:37.8967258Z ##[group]Disabling automatic garbage collection
gates / Playwright	UNKNOWN STEP	2026-05-28T03:51:37.8970566Z [command]/usr/bin/git config --local gc.auto 0
gates / Playwright	UNKNOWN STEP	2026-05-28T03:51:37.9000794Z ##[endgroup]
gates / Playwright	UNKNOWN STEP	2026-05-28T03:51:37.9002064Z ##[group]Setting up auth
gates / Playwright	UNKNOWN STEP	2026-05-28T03:51:37.9002692Z Removing SSH command configuration
gates / Playwright	UNKNOWN STEP	2026-05-28T03:51:37.9007100Z [command]/usr/bin/git config --local --name-only --get-regexp core\.sshCommand
gates / Playwright	UNKNOWN STEP	2026-05-28T03:51:37.9040534Z [command]/usr/bin/git submodule foreach --recursive sh -c "git config --local --name-only --get-regexp 'core\.sshCommand' && git config --local --unset-all 'core.sshCommand' || :"
gates / Playwright	UNKNOWN STEP	2026-05-28T03:51:37.9337357Z Removing HTTP extra header
gates / Playwright	UNKNOWN STEP	2026-05-28T03:51:37.9342934Z [command]/usr/bin/git config --local --name-only --get-regexp http\.https\:\/\/github\.com\/\.extraheader
gates / Playwright	UNKNOWN STEP	2026-05-28T03:51:37.9375476Z [command]/usr/bin/git submodule foreach --recursive sh -c "git config --local --name-only --get-regexp 'http\.https\:\/\/github\.com\/\.extraheader' && git config --local --unset-all 'http.https://github.com/.extraheader' || :"
gates / Playwright	UNKNOWN STEP	2026-05-28T03:51:37.9596563Z Removing includeIf entries pointing to credentials config files
gates / Playwright	UNKNOWN STEP	2026-05-28T03:51:37.9602794Z [command]/usr/bin/git config --local --name-only --get-regexp ^includeIf\.gitdir:
gates / Playwright	UNKNOWN STEP	2026-05-28T03:51:37.9634248Z [command]/usr/bin/git submodule foreach --recursive git config --local --show-origin --name-only --get-regexp remote.origin.url
gates / Playwright	UNKNOWN STEP	2026-05-28T03:51:37.9868060Z [command]/usr/bin/git config --file /home/runner/work/_temp/git-credentials-10b212b9-0084-41b1-92b2-dad281782b78.config http.https://github.com/.extraheader AUTHORIZATION: basic ***
gates / Playwright	UNKNOWN STEP	2026-05-28T03:51:37.9906706Z [command]/usr/bin/git config --local includeIf.gitdir:/home/runner/work/zero-mail/zero-mail/.git.path /home/runner/work/_temp/git-credentials-10b212b9-0084-41b1-92b2-dad281782b78.config
gates / Playwright	UNKNOWN STEP	2026-05-28T03:51:37.9939013Z [command]/usr/bin/git config --local includeIf.gitdir:/home/runner/work/zero-mail/zero-mail/.git/worktrees/*.path /home/runner/work/_temp/git-credentials-10b212b9-0084-41b1-92b2-dad281782b78.config
gates / Playwright	UNKNOWN STEP	2026-05-28T03:51:37.9973402Z [command]/usr/bin/git config --local includeIf.gitdir:/github/workspace/.git.path /github/runner_temp/git-credentials-10b212b9-0084-41b1-92b2-dad281782b78.config
gates / Playwright	UNKNOWN STEP	2026-05-28T03:51:38.0093738Z [command]/usr/bin/git config --local includeIf.gitdir:/github/workspace/.git/worktrees/*.path /github/runner_temp/git-credentials-10b212b9-0084-41b1-92b2-dad281782b78.config
gates / Playwright	UNKNOWN STEP	2026-05-28T03:51:38.0103315Z ##[endgroup]
gates / Playwright	UNKNOWN STEP	2026-05-28T03:51:38.0104549Z ##[group]Fetching the repository
gates / Playwright	UNKNOWN STEP	2026-05-28T03:51:38.0106619Z [command]/usr/bin/git -c protocol.version=2 fetch --no-tags --prune --no-recurse-submodules --depth=1 origin +5939077a94c7e76da69e04d8b0aa24ac9dcf956c:refs/remotes/pull/72/merge
gates / Playwright	UNKNOWN STEP	2026-05-28T03:51:39.1844059Z From https://github.com/kl3inIT/zero-mail
gates / Playwright	UNKNOWN STEP	2026-05-28T03:51:39.1846060Z  * [new ref]         5939077a94c7e76da69e04d8b0aa24ac9dcf956c -> pull/72/merge
gates / Playwright	UNKNOWN STEP	2026-05-28T03:51:39.1878198Z ##[endgroup]
gates / Playwright	UNKNOWN STEP	2026-05-28T03:51:39.1880001Z ##[group]Determining the checkout info
gates / Playwright	UNKNOWN STEP	2026-05-28T03:51:39.1882300Z ##[endgroup]
gates / Playwright	UNKNOWN STEP	2026-05-28T03:51:39.1886123Z [command]/usr/bin/git sparse-checkout disable
gates / Playwright	UNKNOWN STEP	2026-05-28T03:51:39.1932872Z [command]/usr/bin/git config --local --unset-all extensions.worktreeConfig
gates / Playwright	UNKNOWN STEP	2026-05-28T03:51:39.1962269Z ##[group]Checking out the ref
gates / Playwright	UNKNOWN STEP	2026-05-28T03:51:39.1964701Z [command]/usr/bin/git checkout --progress --force refs/remotes/pull/72/merge
gates / Playwright	UNKNOWN STEP	2026-05-28T03:51:39.4860399Z Note: switching to 'refs/remotes/pull/72/merge'.
gates / Playwright	UNKNOWN STEP	2026-05-28T03:51:39.4861004Z 
gates / Playwright	UNKNOWN STEP	2026-05-28T03:51:39.4861452Z You are in 'detached HEAD' state. You can look around, make experimental
gates / Playwright	UNKNOWN STEP	2026-05-28T03:51:39.4862312Z changes and commit them, and you can discard any commits you make in this
gates / Playwright	UNKNOWN STEP	2026-05-28T03:51:39.4863261Z state without impacting any branches by switching back to a branch.
gates / Playwright	UNKNOWN STEP	2026-05-28T03:51:39.4871273Z 
gates / Playwright	UNKNOWN STEP	2026-05-28T03:51:39.4871957Z If you want to create a new branch to retain commits you create, you may
gates / Playwright	UNKNOWN STEP	2026-05-28T03:51:39.4872837Z do so (now or later) by using -c with the switch command. Example:
gates / Playwright	UNKNOWN STEP	2026-05-28T03:51:39.4873316Z 
gates / Playwright	UNKNOWN STEP	2026-05-28T03:51:39.4873530Z   git switch -c <new-branch-name>
gates / Playwright	UNKNOWN STEP	2026-05-28T03:51:39.4873849Z 
gates / Playwright	UNKNOWN STEP	2026-05-28T03:51:39.4874037Z Or undo this operation with:
gates / Playwright	UNKNOWN STEP	2026-05-28T03:51:39.4874317Z 
gates / Playwright	UNKNOWN STEP	2026-05-28T03:51:39.4874472Z   git switch -
gates / Playwright	UNKNOWN STEP	2026-05-28T03:51:39.4874729Z 
gates / Playwright	UNKNOWN STEP	2026-05-28T03:51:39.4874980Z Turn off this advice by setting config variable advice.detachedHead to false
gates / Playwright	UNKNOWN STEP	2026-05-28T03:51:39.4875363Z 
gates / Playwright	UNKNOWN STEP	2026-05-28T03:51:39.4875738Z HEAD is now at 5939077 Merge 88608ed0734f89afed3e11fe4c81612f626c3dd8 into 520d8b565e89a65fde9a5dceb32bc002c0688cd7
gates / Playwright	UNKNOWN STEP	2026-05-28T03:51:39.4879714Z ##[endgroup]
gates / Playwright	UNKNOWN STEP	2026-05-28T03:51:39.4931247Z [command]/usr/bin/git log -1 --format=%H
gates / Playwright	UNKNOWN STEP	2026-05-28T03:51:39.4958604Z 5939077a94c7e76da69e04d8b0aa24ac9dcf956c
gates / Playwright	UNKNOWN STEP	2026-05-28T03:51:39.5185965Z ##[group]Run pnpm/action-setup@v6
gates / Playwright	UNKNOWN STEP	2026-05-28T03:51:39.5186270Z with:
gates / Playwright	UNKNOWN STEP	2026-05-28T03:51:39.5186498Z   dest: ~/setup-pnpm
gates / Playwright	UNKNOWN STEP	2026-05-28T03:51:39.5186734Z   run_install: null
gates / Playwright	UNKNOWN STEP	2026-05-28T03:51:39.5186957Z   cache: false
gates / Playwright	UNKNOWN STEP	2026-05-28T03:51:39.5187192Z   cache_dependency_path: pnpm-lock.yaml
gates / Playwright	UNKNOWN STEP	2026-05-28T03:51:39.5187493Z   package_json_file: package.json
gates / Playwright	UNKNOWN STEP	2026-05-28T03:51:39.5187775Z   standalone: false
gates / Playwright	UNKNOWN STEP	2026-05-28T03:51:39.5188004Z ##[endgroup]
gates / Playwright	UNKNOWN STEP	2026-05-28T03:51:39.6625793Z ##[group]Running self-installer...
gates / Playwright	UNKNOWN STEP	2026-05-28T03:51:42.5767611Z 
gates / Playwright	UNKNOWN STEP	2026-05-28T03:51:42.5768528Z added 1 package, and audited 2 packages in 2s
gates / Playwright	UNKNOWN STEP	2026-05-28T03:51:42.5768924Z 
gates / Playwright	UNKNOWN STEP	2026-05-28T03:51:42.5769116Z 1 package is looking for funding
gates / Playwright	UNKNOWN STEP	2026-05-28T03:51:42.5769450Z   run `npm fund` for details
gates / Playwright	UNKNOWN STEP	2026-05-28T03:51:42.5780756Z 
gates / Playwright	UNKNOWN STEP	2026-05-28T03:51:42.5781280Z found 0 vulnerabilities
gates / Playwright	UNKNOWN STEP	2026-05-28T03:51:43.1111328Z Checking for updates...
gates / Playwright	UNKNOWN STEP	2026-05-28T03:51:43.2317479Z Switching pnpm from v11.1.1 to v11.0.8...
gates / Playwright	UNKNOWN STEP	2026-05-28T03:51:43.5172518Z .../.bin/global/v11/91b-19e6cb5a297      | Progress: resolved 1, reused 0, downloaded 0, added 0
gates / Playwright	UNKNOWN STEP	2026-05-28T03:51:43.5186337Z .../.bin/global/v11/91b-19e6cb5a297      |   +1 +
gates / Playwright	UNKNOWN STEP	2026-05-28T03:51:43.7282808Z .../.bin/global/v11/91b-19e6cb5a297      | Progress: resolved 1, reused 0, downloaded 1, added 1, done
gates / Playwright	UNKNOWN STEP	2026-05-28T03:51:43.7509255Z [WARN] Detected a pnpm v10 installation layout at PNPM_HOME. The pnpm shims at PNPM_HOME have been refreshed so the new version is active, but pnpm v11 expects bins in PNPM_HOME/bin. Run "pnpm setup" to migrate your PATH to the v11 layout.
gates / Playwright	UNKNOWN STEP	2026-05-28T03:51:43.7531449Z Successfully updated pnpm to v11.0.8
gates / Playwright	UNKNOWN STEP	2026-05-28T03:51:43.7785066Z ##[endgroup]
gates / Playwright	UNKNOWN STEP	2026-05-28T03:51:43.7785455Z Installation Completed!
gates / Playwright	UNKNOWN STEP	2026-05-28T03:51:43.7979266Z ##[group]Run actions/setup-node@v6
gates / Playwright	UNKNOWN STEP	2026-05-28T03:51:43.7979558Z with:
gates / Playwright	UNKNOWN STEP	2026-05-28T03:51:43.7979767Z   node-version: 24
gates / Playwright	UNKNOWN STEP	2026-05-28T03:51:43.7979992Z   check-latest: true
gates / Playwright	UNKNOWN STEP	2026-05-28T03:51:43.7980645Z   cache: pnpm
gates / Playwright	UNKNOWN STEP	2026-05-28T03:51:43.7980892Z   cache-dependency-path: pnpm-lock.yaml
gates / Playwright	UNKNOWN STEP	2026-05-28T03:51:43.7984325Z   token: ***
gates / Playwright	UNKNOWN STEP	2026-05-28T03:51:43.7984564Z   package-manager-cache: true
gates / Playwright	UNKNOWN STEP	2026-05-28T03:51:43.7984831Z env:
gates / Playwright	UNKNOWN STEP	2026-05-28T03:51:43.7985154Z   PNPM_HOME: /home/runner/setup-pnpm/node_modules/.bin
gates / Playwright	UNKNOWN STEP	2026-05-28T03:51:43.7985484Z ##[endgroup]
gates / Playwright	UNKNOWN STEP	2026-05-28T03:51:43.9469564Z Attempt to resolve the latest version from manifest...
gates / Playwright	UNKNOWN STEP	2026-05-28T03:51:44.3095583Z Resolved as '24.16.0'
gates / Playwright	UNKNOWN STEP	2026-05-28T03:51:44.3113213Z Found in cache @ /opt/hostedtoolcache/node/24.16.0/x64
gates / Playwright	UNKNOWN STEP	2026-05-28T03:51:44.3116792Z ##[group]Environment details
gates / Playwright	UNKNOWN STEP	2026-05-28T03:51:44.6282238Z node: v24.16.0
gates / Playwright	UNKNOWN STEP	2026-05-28T03:51:44.6282532Z npm: 11.13.0
gates / Playwright	UNKNOWN STEP	2026-05-28T03:51:44.6282758Z yarn: 1.22.22
gates / Playwright	UNKNOWN STEP	2026-05-28T03:51:44.6283852Z ##[endgroup]
gates / Playwright	UNKNOWN STEP	2026-05-28T03:51:44.6303829Z [command]/home/runner/setup-pnpm/node_modules/.bin/bin/pnpm store path --silent
gates / Playwright	UNKNOWN STEP	2026-05-28T03:51:45.1459078Z /home/runner/setup-pnpm/node_modules/.bin/store/v11
gates / Playwright	UNKNOWN STEP	2026-05-28T03:51:45.2407134Z Cache hit for: node-cache-Linux-x64-pnpm-63a526a6fbdc408943a961617ece309276697aea29b827778bdd75a43cfde793
gates / Playwright	UNKNOWN STEP	2026-05-28T03:51:46.3066519Z Received 243269632 of 250579639 (97.1%), 231.8 MBs/sec
gates / Playwright	UNKNOWN STEP	2026-05-28T03:51:46.3486343Z Received 250579639 of 250579639 (100.0%), 229.1 MBs/sec
gates / Playwright	UNKNOWN STEP	2026-05-28T03:51:46.3487302Z Cache Size: ~239 MB (250579639 B)
gates / Playwright	UNKNOWN STEP	2026-05-28T03:51:46.3519603Z [command]/usr/bin/tar -xf /home/runner/work/_temp/110dc67a-c858-4616-b779-98086691a3ec/cache.tzst -P -C /home/runner/work/zero-mail/zero-mail --use-compress-program unzstd
gates / Playwright	UNKNOWN STEP	2026-05-28T03:51:49.1301086Z Cache restored successfully
gates / Playwright	UNKNOWN STEP	2026-05-28T03:51:49.1424910Z Cache restored from key: node-cache-Linux-x64-pnpm-63a526a6fbdc408943a961617ece309276697aea29b827778bdd75a43cfde793
gates / Playwright	UNKNOWN STEP	2026-05-28T03:51:49.1658644Z ##[group]Run pnpm install --frozen-lockfile
gates / Playwright	UNKNOWN STEP	2026-05-28T03:51:49.1659083Z ^[[36;1mpnpm install --frozen-lockfile^[[0m
gates / Playwright	UNKNOWN STEP	2026-05-28T03:51:49.1696281Z shell: /usr/bin/bash -e {0}
gates / Playwright	UNKNOWN STEP	2026-05-28T03:51:49.1696560Z env:
gates / Playwright	UNKNOWN STEP	2026-05-28T03:51:49.1696857Z   PNPM_HOME: /home/runner/setup-pnpm/node_modules/.bin
gates / Playwright	UNKNOWN STEP	2026-05-28T03:51:49.1697188Z ##[endgroup]
gates / Playwright	UNKNOWN STEP	2026-05-28T03:51:49.6871562Z Scope: all 3 workspace projects
gates / Playwright	UNKNOWN STEP	2026-05-28T03:51:49.7633009Z Lockfile is up to date, resolution step is skipped
gates / Playwright	UNKNOWN STEP	2026-05-28T03:51:49.8205807Z Progress: resolved 1, reused 0, downloaded 0, added 0
gates / Playwright	UNKNOWN STEP	2026-05-28T03:51:49.9428986Z Packages: +1167
gates / Playwright	UNKNOWN STEP	2026-05-28T03:51:49.9429561Z ++++++++++++++++++++++++++++++++++++++++++++++++++++++++++++++++++++++++++++++++
gates / Playwright	UNKNOWN STEP	2026-05-28T03:51:50.8231869Z Progress: resolved 1167, reused 1167, downloaded 0, added 335
gates / Playwright	UNKNOWN STEP	2026-05-28T03:51:51.5778403Z Progress: resolved 1167, reused 1167, downloaded 0, added 1167, done
gates / Playwright	UNKNOWN STEP	2026-05-28T03:51:52.2399315Z .../node_modules/@swc/core postinstall$ node postinstall.js
gates / Playwright	UNKNOWN STEP	2026-05-28T03:51:52.2413345Z .../node_modules/@parcel/watcher install$ node scripts/build-from-source.js
gates / Playwright	UNKNOWN STEP	2026-05-28T03:51:52.2853168Z .../node_modules/@parcel/watcher install: Done
gates / Playwright	UNKNOWN STEP	2026-05-28T03:51:52.2982905Z .../node_modules/@swc/core postinstall: Done
gates / Playwright	UNKNOWN STEP	2026-05-28T03:51:52.4385339Z 
gates / Playwright	UNKNOWN STEP	2026-05-28T03:51:52.4386365Z devDependencies:
gates / Playwright	UNKNOWN STEP	2026-05-28T03:51:52.4386885Z + @playwright/test 1.60.0
gates / Playwright	UNKNOWN STEP	2026-05-28T03:51:52.4387318Z + husky 9.1.7
gates / Playwright	UNKNOWN STEP	2026-05-28T03:51:52.4387693Z + lint-staged 17.0.5
gates / Playwright	UNKNOWN STEP	2026-05-28T03:51:52.4402978Z + prettier 3.8.3
gates / Playwright	UNKNOWN STEP	2026-05-28T03:51:52.4404129Z + prettier-plugin-tailwindcss 0.8.0
gates / Playwright	UNKNOWN STEP	2026-05-28T03:51:52.4404935Z + turbo 2.9.14
gates / Playwright	UNKNOWN STEP	2026-05-28T03:51:52.4405180Z 
gates / Playwright	UNKNOWN STEP	2026-05-28T03:51:52.4720441Z . prepare$ husky
gates / Playwright	UNKNOWN STEP	2026-05-28T03:51:52.5219934Z . prepare: Done
gates / Playwright	UNKNOWN STEP	2026-05-28T03:51:52.5385286Z Done in 3.1s using pnpm v11.0.8
gates / Playwright	UNKNOWN STEP	2026-05-28T03:51:52.6295524Z ##[group]Run pnpm --filter web exec playwright install --with-deps chromium
gates / Playwright	UNKNOWN STEP	2026-05-28T03:51:52.6296437Z ^[[36;1mpnpm --filter web exec playwright install --with-deps chromium^[[0m
gates / Playwright	UNKNOWN STEP	2026-05-28T03:51:52.6328813Z shell: /usr/bin/bash -e {0}
gates / Playwright	UNKNOWN STEP	2026-05-28T03:51:52.6329100Z env:
gates / Playwright	UNKNOWN STEP	2026-05-28T03:51:52.6329390Z   PNPM_HOME: /home/runner/setup-pnpm/node_modules/.bin
gates / Playwright	UNKNOWN STEP	2026-05-28T03:51:52.6329734Z ##[endgroup]
gates / Playwright	UNKNOWN STEP	2026-05-28T03:51:53.7067520Z Installing dependencies...
gates / Playwright	UNKNOWN STEP	2026-05-28T03:51:53.7151674Z Switching to root user to install dependencies...
gates / Playwright	UNKNOWN STEP	2026-05-28T03:51:53.8223190Z Get:1 file:/etc/apt/apt-mirrors.txt Mirrorlist [144 B]
gates / Playwright	UNKNOWN STEP	2026-05-28T03:51:53.8772159Z Hit:2 http://azure.archive.ubuntu.com/ubuntu noble InRelease
gates / Playwright	UNKNOWN STEP	2026-05-28T03:51:53.8801373Z Hit:6 https://packages.microsoft.com/repos/azure-cli noble InRelease
gates / Playwright	UNKNOWN STEP	2026-05-28T03:51:53.8831328Z Get:7 https://packages.microsoft.com/ubuntu/24.04/prod noble InRelease [3600 B]
gates / Playwright	UNKNOWN STEP	2026-05-28T03:51:53.8832883Z Get:3 http://azure.archive.ubuntu.com/ubuntu noble-updates InRelease [126 kB]
gates / Playwright	UNKNOWN STEP	2026-05-28T03:51:53.8881488Z Get:4 http://azure.archive.ubuntu.com/ubuntu noble-backports InRelease [126 kB]
gates / Playwright	UNKNOWN STEP	2026-05-28T03:51:53.8922017Z Get:5 http://azure.archive.ubuntu.com/ubuntu noble-security InRelease [126 kB]
gates / Playwright	UNKNOWN STEP	2026-05-28T03:51:53.9061430Z Get:8 https://dl.google.com/linux/chrome-stable/deb stable InRelease [1825 B]
gates / Playwright	UNKNOWN STEP	2026-05-28T03:51:54.0711857Z Get:9 https://packages.microsoft.com/ubuntu/24.04/prod noble/main arm64 Packages [130 kB]
gates / Playwright	UNKNOWN STEP	2026-05-28T03:51:54.0833973Z Get:10 https://packages.microsoft.com/ubuntu/24.04/prod noble/main amd64 Packages [158 kB]
gates / Playwright	UNKNOWN STEP	2026-05-28T03:51:54.0891569Z Get:11 https://packages.microsoft.com/ubuntu/24.04/prod noble/main armhf Packages [11.6 kB]
gates / Playwright	UNKNOWN STEP	2026-05-28T03:51:54.1272227Z Get:12 http://azure.archive.ubuntu.com/ubuntu noble-updates/main amd64 Packages [2008 kB]
gates / Playwright	UNKNOWN STEP	2026-05-28T03:51:54.1361871Z Get:13 http://azure.archive.ubuntu.com/ubuntu noble-updates/main Translation-en [355 kB]
gates / Playwright	UNKNOWN STEP	2026-05-28T03:51:54.1392737Z Get:14 http://azure.archive.ubuntu.com/ubuntu noble-updates/main amd64 Components [178 kB]
gates / Playwright	UNKNOWN STEP	2026-05-28T03:51:54.1421627Z Get:15 http://azure.archive.ubuntu.com/ubuntu noble-updates/universe amd64 Packages [1693 kB]
gates / Playwright	UNKNOWN STEP	2026-05-28T03:51:54.1513468Z Get:16 http://azure.archive.ubuntu.com/ubuntu noble-updates/universe Translation-en [330 kB]
gates / Playwright	UNKNOWN STEP	2026-05-28T03:51:54.1553243Z Get:17 http://azure.archive.ubuntu.com/ubuntu noble-updates/universe amd64 Components [386 kB]
gates / Playwright	UNKNOWN STEP	2026-05-28T03:51:54.1593024Z Get:18 http://azure.archive.ubuntu.com/ubuntu noble-updates/multiverse Translation-en [11.1 kB]
gates / Playwright	UNKNOWN STEP	2026-05-28T03:51:54.1601565Z Get:19 http://azure.archive.ubuntu.com/ubuntu noble-updates/multiverse amd64 Components [940 B]
gates / Playwright	UNKNOWN STEP	2026-05-28T03:51:54.1929741Z Get:20 http://azure.archive.ubuntu.com/ubuntu noble-backports/main amd64 Components [5764 B]
gates / Playwright	UNKNOWN STEP	2026-05-28T03:51:54.1964624Z Get:21 http://azure.archive.ubuntu.com/ubuntu noble-backports/universe amd64 Components [10.5 kB]
gates / Playwright	UNKNOWN STEP	2026-05-28T03:51:54.3092425Z Get:22 http://azure.archive.ubuntu.com/ubuntu noble-security/main amd64 Packages [1704 kB]
gates / Playwright	UNKNOWN STEP	2026-05-28T03:51:54.3209135Z Get:23 http://azure.archive.ubuntu.com/ubuntu noble-security/main Translation-en [268 kB]
gates / Playwright	UNKNOWN STEP	2026-05-28T03:51:54.3231789Z Get:24 http://azure.archive.ubuntu.com/ubuntu noble-security/main amd64 Components [42.4 kB]
gates / Playwright	UNKNOWN STEP	2026-05-28T03:51:54.3247050Z Get:25 http://azure.archive.ubuntu.com/ubuntu noble-security/universe amd64 Packages [1191 kB]
gates / Playwright	UNKNOWN STEP	2026-05-28T03:51:54.3341604Z Get:26 http://azure.archive.ubuntu.com/ubuntu noble-security/universe Translation-en [230 kB]
gates / Playwright	UNKNOWN STEP	2026-05-28T03:51:54.3371272Z Get:27 http://azure.archive.ubuntu.com/ubuntu noble-security/universe amd64 Components [74.3 kB]
gates / Playwright	UNKNOWN STEP	2026-05-28T03:51:54.3374481Z Get:28 http://azure.archive.ubuntu.com/ubuntu noble-security/restricted amd64 Packages [3006 kB]
gates / Playwright	UNKNOWN STEP	2026-05-28T03:51:54.3375963Z Get:30 https://dl.google.com/linux/chrome-stable/deb stable/main amd64 Packages [1219 B]
gates / Playwright	UNKNOWN STEP	2026-05-28T03:51:54.3531936Z Get:29 http://azure.archive.ubuntu.com/ubuntu noble-security/restricted Translation-en [698 kB]
gates / Playwright	UNKNOWN STEP	2026-05-28T03:51:58.6958665Z Fetched 12.9 MB in 2s (7691 kB/s)
gates / Playwright	UNKNOWN STEP	2026-05-28T03:51:59.4728516Z Reading package lists...
gates / Playwright	UNKNOWN STEP	2026-05-28T03:51:59.4989244Z Reading package lists...
gates / Playwright	UNKNOWN STEP	2026-05-28T03:51:59.6881919Z Building dependency tree...
gates / Playwright	UNKNOWN STEP	2026-05-28T03:51:59.6889043Z Reading state information...
gates / Playwright	UNKNOWN STEP	2026-05-28T03:51:59.8681917Z libasound2t64 is already the newest version (1.2.11-1ubuntu0.2).
gates / Playwright	UNKNOWN STEP	2026-05-28T03:51:59.8682614Z libasound2t64 set to manually installed.
gates / Playwright	UNKNOWN STEP	2026-05-28T03:51:59.8683327Z libatk-bridge2.0-0t64 is already the newest version (2.52.0-1build1).
gates / Playwright	UNKNOWN STEP	2026-05-28T03:51:59.8684465Z libatk-bridge2.0-0t64 set to manually installed.
gates / Playwright	UNKNOWN STEP	2026-05-28T03:51:59.8685315Z libatk1.0-0t64 is already the newest version (2.52.0-1build1).
gates / Playwright	UNKNOWN STEP	2026-05-28T03:51:59.8685952Z libatk1.0-0t64 set to manually installed.
gates / Playwright	UNKNOWN STEP	2026-05-28T03:51:59.8686635Z libatspi2.0-0t64 is already the newest version (2.52.0-1build1).
gates / Playwright	UNKNOWN STEP	2026-05-28T03:51:59.8687304Z libatspi2.0-0t64 set to manually installed.
gates / Playwright	UNKNOWN STEP	2026-05-28T03:51:59.8687932Z libcairo2 is already the newest version (1.18.0-3build1).
gates / Playwright	UNKNOWN STEP	2026-05-28T03:51:59.8688564Z libcairo2 set to manually installed.
gates / Playwright	UNKNOWN STEP	2026-05-28T03:51:59.8689331Z libcups2t64 is already the newest version (2.4.7-1.2ubuntu7.9).
gates / Playwright	UNKNOWN STEP	2026-05-28T03:51:59.8712410Z libcups2t64 set to manually installed.
gates / Playwright	UNKNOWN STEP	2026-05-28T03:51:59.8713073Z libdbus-1-3 is already the newest version (1.14.10-4ubuntu4.1).
gates / Playwright	UNKNOWN STEP	2026-05-28T03:51:59.8713694Z libdbus-1-3 set to manually installed.
gates / Playwright	UNKNOWN STEP	2026-05-28T03:51:59.8714452Z libdrm2 is already the newest version (2.4.125-1ubuntu0.1~24.04.1).
gates / Playwright	UNKNOWN STEP	2026-05-28T03:51:59.8715119Z libdrm2 set to manually installed.
gates / Playwright	UNKNOWN STEP	2026-05-28T03:51:59.8715760Z libgbm1 is already the newest version (25.2.8-0ubuntu0.24.04.1).
gates / Playwright	UNKNOWN STEP	2026-05-28T03:51:59.8716390Z libgbm1 set to manually installed.
gates / Playwright	UNKNOWN STEP	2026-05-28T03:51:59.8717039Z libglib2.0-0t64 is already the newest version (2.80.0-6ubuntu3.8).
gates / Playwright	UNKNOWN STEP	2026-05-28T03:51:59.8717703Z libglib2.0-0t64 set to manually installed.
gates / Playwright	UNKNOWN STEP	2026-05-28T03:51:59.8718377Z libnspr4 is already the newest version (2:4.35-1.1build1).
gates / Playwright	UNKNOWN STEP	2026-05-28T03:51:59.8718995Z libnspr4 set to manually installed.
gates / Playwright	UNKNOWN STEP	2026-05-28T03:51:59.8719627Z libnss3 is already the newest version (2:3.98-1ubuntu0.1).
gates / Playwright	UNKNOWN STEP	2026-05-28T03:51:59.8720403Z libnss3 set to manually installed.
gates / Playwright	UNKNOWN STEP	2026-05-28T03:51:59.8721071Z libpango-1.0-0 is already the newest version (1.52.1+ds-1build1).
gates / Playwright	UNKNOWN STEP	2026-05-28T03:51:59.8721728Z libpango-1.0-0 set to manually installed.
gates / Playwright	UNKNOWN STEP	2026-05-28T03:51:59.8722283Z libx11-6 is already the newest version (2:1.8.7-1build1).
gates / Playwright	UNKNOWN STEP	2026-05-28T03:51:59.8722676Z libx11-6 set to manually installed.
gates / Playwright	UNKNOWN STEP	2026-05-28T03:51:59.8723065Z libxcb1 is already the newest version (1.15-1ubuntu2).
gates / Playwright	UNKNOWN STEP	2026-05-28T03:51:59.8723434Z libxcb1 set to manually installed.
gates / Playwright	UNKNOWN STEP	2026-05-28T03:51:59.8723856Z libxcomposite1 is already the newest version (1:0.4.5-1build3).
gates / Playwright	UNKNOWN STEP	2026-05-28T03:51:59.8724283Z libxcomposite1 set to manually installed.
gates / Playwright	UNKNOWN STEP	2026-05-28T03:51:59.8724706Z libxdamage1 is already the newest version (1:1.1.6-1build1).
gates / Playwright	UNKNOWN STEP	2026-05-28T03:51:59.8725098Z libxdamage1 set to manually installed.
gates / Playwright	UNKNOWN STEP	2026-05-28T03:51:59.8725507Z libxext6 is already the newest version (2:1.3.4-1build2).
gates / Playwright	UNKNOWN STEP	2026-05-28T03:51:59.8725885Z libxext6 set to manually installed.
gates / Playwright	UNKNOWN STEP	2026-05-28T03:51:59.8726277Z libxfixes3 is already the newest version (1:6.0.0-2build1).
gates / Playwright	UNKNOWN STEP	2026-05-28T03:51:59.8726663Z libxfixes3 set to manually installed.
gates / Playwright	UNKNOWN STEP	2026-05-28T03:51:59.8727076Z libxkbcommon0 is already the newest version (1.6.0-1build1).
gates / Playwright	UNKNOWN STEP	2026-05-28T03:51:59.8727478Z libxkbcommon0 set to manually installed.
gates / Playwright	UNKNOWN STEP	2026-05-28T03:51:59.8727879Z libxrandr2 is already the newest version (2:1.5.2-2build1).
gates / Playwright	UNKNOWN STEP	2026-05-28T03:51:59.8728274Z libxrandr2 set to manually installed.
gates / Playwright	UNKNOWN STEP	2026-05-28T03:51:59.8728664Z xvfb is already the newest version (2:21.1.12-1ubuntu1.5).
gates / Playwright	UNKNOWN STEP	2026-05-28T03:51:59.8729207Z fonts-noto-color-emoji is already the newest version (2.047-0ubuntu0.24.04.1).
gates / Playwright	UNKNOWN STEP	2026-05-28T03:51:59.8729768Z libfontconfig1 is already the newest version (2.15.0-1.1ubuntu2).
gates / Playwright	UNKNOWN STEP	2026-05-28T03:51:59.8730384Z libfontconfig1 set to manually installed.
gates / Playwright	UNKNOWN STEP	2026-05-28T03:51:59.8730835Z libfreetype6 is already the newest version (2.13.2+dfsg-1ubuntu0.1).
gates / Playwright	UNKNOWN STEP	2026-05-28T03:51:59.8731555Z libfreetype6 set to manually installed.
gates / Playwright	UNKNOWN STEP	2026-05-28T03:51:59.8731994Z fonts-liberation is already the newest version (1:2.1.5-3).
gates / Playwright	UNKNOWN STEP	2026-05-28T03:51:59.8732422Z fonts-liberation set to manually installed.
gates / Playwright	UNKNOWN STEP	2026-05-28T03:51:59.8732848Z The following additional packages will be installed:
gates / Playwright	UNKNOWN STEP	2026-05-28T03:51:59.8733234Z   xfonts-encodings xfonts-utils
gates / Playwright	UNKNOWN STEP	2026-05-28T03:51:59.8733535Z Recommended packages:
gates / Playwright	UNKNOWN STEP	2026-05-28T03:51:59.8733833Z   fonts-ipafont-mincho fonts-tlwg-loma
gates / Playwright	UNKNOWN STEP	2026-05-28T03:51:59.8888984Z The following NEW packages will be installed:
gates / Playwright	UNKNOWN STEP	2026-05-28T03:51:59.8889793Z   fonts-freefont-ttf fonts-ipafont-gothic fonts-tlwg-loma-otf fonts-unifont
gates / Playwright	UNKNOWN STEP	2026-05-28T03:51:59.8895378Z   fonts-wqy-zenhei xfonts-cyrillic xfonts-encodings xfonts-scalable
gates / Playwright	UNKNOWN STEP	2026-05-28T03:51:59.8895786Z   xfonts-utils
gates / Playwright	UNKNOWN STEP	2026-05-28T03:51:59.9084514Z 0 upgraded, 9 newly installed, 0 to remove and 6 not upgraded.
gates / Playwright	UNKNOWN STEP	2026-05-28T03:51:59.9085011Z Need to get 21.1 MB of archives.
gates / Playwright	UNKNOWN STEP	2026-05-28T03:51:59.9085496Z After this operation, 79.5 MB of additional disk space will be used.
gates / Playwright	UNKNOWN STEP	2026-05-28T03:51:59.9086322Z Get:1 file:/etc/apt/apt-mirrors.txt Mirrorlist [144 B]
gates / Playwright	UNKNOWN STEP	2026-05-28T03:51:59.9404038Z Get:2 http://azure.archive.ubuntu.com/ubuntu noble/universe amd64 fonts-ipafont-gothic all 00303-21ubuntu1 [3513 kB]
gates / Playwright	UNKNOWN STEP	2026-05-28T03:51:59.9727782Z Get:3 http://azure.archive.ubuntu.com/ubuntu noble/main amd64 fonts-freefont-ttf all 20211204+svn4273-2 [5641 kB]
gates / Playwright	UNKNOWN STEP	2026-05-28T03:52:00.0371983Z Get:4 http://azure.archive.ubuntu.com/ubuntu noble/universe amd64 fonts-tlwg-loma-otf all 1:0.7.3-1 [107 kB]
gates / Playwright	UNKNOWN STEP	2026-05-28T03:52:00.0459534Z Get:5 http://azure.archive.ubuntu.com/ubuntu noble/universe amd64 fonts-unifont all 1:15.1.01-1build1 [2993 kB]
gates / Playwright	UNKNOWN STEP	2026-05-28T03:52:00.0842537Z Get:6 http://azure.archive.ubuntu.com/ubuntu noble/universe amd64 fonts-wqy-zenhei all 0.9.45-8 [7472 kB]
gates / Playwright	UNKNOWN STEP	2026-05-28T03:52:00.1417160Z Get:7 http://azure.archive.ubuntu.com/ubuntu noble/main amd64 xfonts-encodings all 1:1.0.5-0ubuntu2 [578 kB]
gates / Playwright	UNKNOWN STEP	2026-05-28T03:52:00.1546424Z Get:8 http://azure.archive.ubuntu.com/ubuntu noble/main amd64 xfonts-utils amd64 1:7.7+6build3 [94.4 kB]
gates / Playwright	UNKNOWN STEP	2026-05-28T03:52:00.1631912Z Get:9 http://azure.archive.ubuntu.com/ubuntu noble/universe amd64 xfonts-cyrillic all 1:1.0.5+nmu1 [384 kB]
gates / Playwright	UNKNOWN STEP	2026-05-28T03:52:00.1731724Z Get:10 http://azure.archive.ubuntu.com/ubuntu noble/main amd64 xfonts-scalable all 1:1.0.3-1.3 [304 kB]
gates / Playwright	UNKNOWN STEP	2026-05-28T03:52:00.4358012Z Fetched 21.1 MB in 0s (74.8 MB/s)
gates / Playwright	UNKNOWN STEP	2026-05-28T03:52:00.4601417Z Selecting previously unselected package fonts-ipafont-gothic.
gates / Playwright	UNKNOWN STEP	2026-05-28T03:52:00.4816805Z (Reading database ... 
gates / Playwright	UNKNOWN STEP	2026-05-28T03:52:00.4817350Z (Reading database ... 5%
gates / Playwright	UNKNOWN STEP	2026-05-28T03:52:00.4817799Z (Reading database ... 10%
gates / Playwright	UNKNOWN STEP	2026-05-28T03:52:00.4818088Z (Reading database ... 15%
gates / Playwright	UNKNOWN STEP	2026-05-28T03:52:00.4818435Z (Reading database ... 20%
gates / Playwright	UNKNOWN STEP	2026-05-28T03:52:00.4819232Z (Reading database ... 25%
gates / Playwright	UNKNOWN STEP	2026-05-28T03:52:00.4819547Z (Reading database ... 30%
gates / Playwright	UNKNOWN STEP	2026-05-28T03:52:00.4819807Z (Reading database ... 35%
gates / Playwright	UNKNOWN STEP	2026-05-28T03:52:00.4820075Z (Reading database ... 40%
gates / Playwright	UNKNOWN STEP	2026-05-28T03:52:00.4820669Z (Reading database ... 45%
gates / Playwright	UNKNOWN STEP	2026-05-28T03:52:00.4821082Z (Reading database ... 50%
gates / Playwright	UNKNOWN STEP	2026-05-28T03:52:00.4852457Z (Reading database ... 55%
gates / Playwright	UNKNOWN STEP	2026-05-28T03:52:00.6399137Z (Reading database ... 60%
gates / Playwright	UNKNOWN STEP	2026-05-28T03:52:00.8422917Z (Reading database ... 65%
gates / Playwright	UNKNOWN STEP	2026-05-28T03:52:00.9865903Z (Reading database ... 70%
gates / Playwright	UNKNOWN STEP	2026-05-28T03:52:01.1418997Z (Reading database ... 75%
gates / Playwright	UNKNOWN STEP	2026-05-28T03:52:01.3307400Z (Reading database ... 80%
gates / Playwright	UNKNOWN STEP	2026-05-28T03:52:01.5380523Z (Reading database ... 85%
gates / Playwright	UNKNOWN STEP	2026-05-28T03:52:01.7474769Z (Reading database ... 90%
gates / Playwright	UNKNOWN STEP	2026-05-28T03:52:01.9174325Z (Reading database ... 95%
gates / Playwright	UNKNOWN STEP	2026-05-28T03:52:01.9174823Z (Reading database ... 100%
gates / Playwright	UNKNOWN STEP	2026-05-28T03:52:01.9175513Z (Reading database ... 202271 files and directories currently installed.)
gates / Playwright	UNKNOWN STEP	2026-05-28T03:52:01.9218693Z Preparing to unpack .../0-fonts-ipafont-gothic_00303-21ubuntu1_all.deb ...
gates / Playwright	UNKNOWN STEP	2026-05-28T03:52:01.9313639Z Unpacking fonts-ipafont-gothic (00303-21ubuntu1) ...
gates / Playwright	UNKNOWN STEP	2026-05-28T03:52:02.1634079Z Selecting previously unselected package fonts-freefont-ttf.
gates / Playwright	UNKNOWN STEP	2026-05-28T03:52:02.1765148Z Preparing to unpack .../1-fonts-freefont-ttf_20211204+svn4273-2_all.deb ...
gates / Playwright	UNKNOWN STEP	2026-05-28T03:52:02.1771805Z Unpacking fonts-freefont-ttf (20211204+svn4273-2) ...
gates / Playwright	UNKNOWN STEP	2026-05-28T03:52:02.2572661Z Selecting previously unselected package fonts-tlwg-loma-otf.
gates / Playwright	UNKNOWN STEP	2026-05-28T03:52:02.2703370Z Preparing to unpack .../2-fonts-tlwg-loma-otf_1%3a0.7.3-1_all.deb ...
gates / Playwright	UNKNOWN STEP	2026-05-28T03:52:02.2710342Z Unpacking fonts-tlwg-loma-otf (1:0.7.3-1) ...
gates / Playwright	UNKNOWN STEP	2026-05-28T03:52:02.2918948Z Selecting previously unselected package fonts-unifont.
gates / Playwright	UNKNOWN STEP	2026-05-28T03:52:02.3046468Z Preparing to unpack .../3-fonts-unifont_1%3a15.1.01-1build1_all.deb ...
gates / Playwright	UNKNOWN STEP	2026-05-28T03:52:02.3053270Z Unpacking fonts-unifont (1:15.1.01-1build1) ...
gates / Playwright	UNKNOWN STEP	2026-05-28T03:52:02.4127506Z Selecting previously unselected package fonts-wqy-zenhei.
gates / Playwright	UNKNOWN STEP	2026-05-28T03:52:02.4258564Z Preparing to unpack .../4-fonts-wqy-zenhei_0.9.45-8_all.deb ...
gates / Playwright	UNKNOWN STEP	2026-05-28T03:52:02.4359809Z Unpacking fonts-wqy-zenhei (0.9.45-8) ...
gates / Playwright	UNKNOWN STEP	2026-05-28T03:52:02.9027329Z Selecting previously unselected package xfonts-encodings.
gates / Playwright	UNKNOWN STEP	2026-05-28T03:52:02.9157436Z Preparing to unpack .../5-xfonts-encodings_1%3a1.0.5-0ubuntu2_all.deb ...
gates / Playwright	UNKNOWN STEP	2026-05-28T03:52:02.9163903Z Unpacking xfonts-encodings (1:1.0.5-0ubuntu2) ...
gates / Playwright	UNKNOWN STEP	2026-05-28T03:52:02.9442601Z Selecting previously unselected package xfonts-utils.
gates / Playwright	UNKNOWN STEP	2026-05-28T03:52:02.9570889Z Preparing to unpack .../6-xfonts-utils_1%3a7.7+6build3_amd64.deb ...
gates / Playwright	UNKNOWN STEP	2026-05-28T03:52:02.9578573Z Unpacking xfonts-utils (1:7.7+6build3) ...
gates / Playwright	UNKNOWN STEP	2026-05-28T03:52:02.9896950Z Selecting previously unselected package xfonts-cyrillic.
gates / Playwright	UNKNOWN STEP	2026-05-28T03:52:03.0024199Z Preparing to unpack .../7-xfonts-cyrillic_1%3a1.0.5+nmu1_all.deb ...
gates / Playwright	UNKNOWN STEP	2026-05-28T03:52:03.0031488Z Unpacking xfonts-cyrillic (1:1.0.5+nmu1) ...
gates / Playwright	UNKNOWN STEP	2026-05-28T03:52:03.0349246Z Selecting previously unselected package xfonts-scalable.
gates / Playwright	UNKNOWN STEP	2026-05-28T03:52:03.0476208Z Preparing to unpack .../8-xfonts-scalable_1%3a1.0.3-1.3_all.deb ...
gates / Playwright	UNKNOWN STEP	2026-05-28T03:52:03.0483746Z Unpacking xfonts-scalable (1:1.0.3-1.3) ...
gates / Playwright	UNKNOWN STEP	2026-05-28T03:52:03.0898598Z Setting up fonts-wqy-zenhei (0.9.45-8) ...
gates / Playwright	UNKNOWN STEP	2026-05-28T03:52:03.1015203Z Setting up fonts-freefont-ttf (20211204+svn4273-2) ...
gates / Playwright	UNKNOWN STEP	2026-05-28T03:52:03.1032443Z Setting up fonts-tlwg-loma-otf (1:0.7.3-1) ...
gates / Playwright	UNKNOWN STEP	2026-05-28T03:52:03.1049445Z Setting up xfonts-encodings (1:1.0.5-0ubuntu2) ...
gates / Playwright	UNKNOWN STEP	2026-05-28T03:52:03.1065637Z Setting up fonts-ipafont-gothic (00303-21ubuntu1) ...
gates / Playwright	UNKNOWN STEP	2026-05-28T03:52:03.1133908Z update-alternatives: using /usr/share/fonts/opentype/ipafont-gothic/ipag.ttf to provide /usr/share/fonts/truetype/fonts-japanese-gothic.ttf (fonts-japanese-gothic.ttf) in auto mode
gates / Playwright	UNKNOWN STEP	2026-05-28T03:52:03.1149907Z Setting up fonts-unifont (1:15.1.01-1build1) ...
gates / Playwright	UNKNOWN STEP	2026-05-28T03:52:03.1167008Z Setting up xfonts-utils (1:7.7+6build3) ...
gates / Playwright	UNKNOWN STEP	2026-05-28T03:52:03.1205608Z Setting up xfonts-cyrillic (1:1.0.5+nmu1) ...
gates / Playwright	UNKNOWN STEP	2026-05-28T03:52:03.1501306Z Setting up xfonts-scalable (1:1.0.3-1.3) ...
gates / Playwright	UNKNOWN STEP	2026-05-28T03:52:03.1775494Z Processing triggers for man-db (2.12.0-4build2) ...
gates / Playwright	UNKNOWN STEP	2026-05-28T03:52:03.1794037Z Not building database; man-db/auto-update is not 'true'.
gates / Playwright	UNKNOWN STEP	2026-05-28T03:52:03.1806511Z Processing triggers for fontconfig (2.15.0-1.1ubuntu2) ...
gates / Playwright	UNKNOWN STEP	2026-05-28T03:52:03.8425688Z 
gates / Playwright	UNKNOWN STEP	2026-05-28T03:52:03.8426461Z Running kernel seems to be up-to-date.
gates / Playwright	UNKNOWN STEP	2026-05-28T03:52:03.8426873Z 
gates / Playwright	UNKNOWN STEP	2026-05-28T03:52:03.8427119Z No services need to be restarted.
gates / Playwright	UNKNOWN STEP	2026-05-28T03:52:03.8427393Z 
gates / Playwright	UNKNOWN STEP	2026-05-28T03:52:03.8427549Z No containers need to be restarted.
gates / Playwright	UNKNOWN STEP	2026-05-28T03:52:03.8427751Z 
gates / Playwright	UNKNOWN STEP	2026-05-28T03:52:03.8427950Z No user sessions are running outdated binaries.
gates / Playwright	UNKNOWN STEP	2026-05-28T03:52:03.8428172Z 
gates / Playwright	UNKNOWN STEP	2026-05-28T03:52:03.8428496Z No VM guests are running outdated hypervisor (qemu) binaries on this host.
gates / Playwright	UNKNOWN STEP	2026-05-28T03:52:04.7465409Z Downloading Chrome for Testing 148.0.7778.96 (playwright chromium v1223) from https://cdn.playwright.dev/builds/cft/148.0.7778.96/linux64/chrome-linux64.zip
gates / Playwright	UNKNOWN STEP	2026-05-28T03:52:05.7131347Z |                                                                                |   0% of 175.4 MiB
gates / Playwright	UNKNOWN STEP	2026-05-28T03:52:05.9060783Z |■■■■■■■■                                                                        |  10% of 175.4 MiB
gates / Playwright	UNKNOWN STEP	2026-05-28T03:52:06.0001539Z |■■■■■■■■■■■■■■■■                                                                |  20% of 175.4 MiB
gates / Playwright	UNKNOWN STEP	2026-05-28T03:52:06.0898658Z |■■■■■■■■■■■■■■■■■■■■■■■■                                                        |  30% of 175.4 MiB
gates / Playwright	UNKNOWN STEP	2026-05-28T03:52:06.1620279Z |■■■■■■■■■■■■■■■■■■■■■■■■■■■■■■■■                                                |  40% of 175.4 MiB
gates / Playwright	UNKNOWN STEP	2026-05-28T03:52:06.2432244Z |■■■■■■■■■■■■■■■■■■■■■■■■■■■■■■■■■■■■■■■■                                        |  50% of 175.4 MiB
gates / Playwright	UNKNOWN STEP	2026-05-28T03:52:06.3054381Z |■■■■■■■■■■■■■■■■■■■■■■■■■■■■■■■■■■■■■■■■■■■■■■■■                                |  60% of 175.4 MiB
gates / Playwright	UNKNOWN STEP	2026-05-28T03:52:06.3928418Z |■■■■■■■■■■■■■■■■■■■■■■■■■■■■■■■■■■■■■■■■■■■■■■■■■■■■■■■■                        |  70% of 175.4 MiB
gates / Playwright	UNKNOWN STEP	2026-05-28T03:52:06.4709163Z |■■■■■■■■■■■■■■■■■■■■■■■■■■■■■■■■■■■■■■■■■■■■■■■■■■■■■■■■■■■■■■■■                |  80% of 175.4 MiB
gates / Playwright	UNKNOWN STEP	2026-05-28T03:52:06.5600508Z |■■■■■■■■■■■■■■■■■■■■■■■■■■■■■■■■■■■■■■■■■■■■■■■■■■■■■■■■■■■■■■■■■■■■■■■■        |  90% of 175.4 MiB
gates / Playwright	UNKNOWN STEP	2026-05-28T03:52:06.6520039Z |■■■■■■■■■■■■■■■■■■■■■■■■■■■■■■■■■■■■■■■■■■■■■■■■■■■■■■■■■■■■■■■■■■■■■■■■■■■■■■■■| 100% of 175.4 MiB
gates / Playwright	UNKNOWN STEP	2026-05-28T03:52:09.6026133Z Chrome for Testing 148.0.7778.96 (playwright chromium v1223) downloaded to /home/runner/.cache/ms-playwright/chromium-1223
gates / Playwright	UNKNOWN STEP	2026-05-28T03:52:09.6030035Z Downloading FFmpeg (playwright ffmpeg v1011) from https://cdn.playwright.dev/dbazure/download/playwright/builds/ffmpeg/1011/ffmpeg-linux.zip
gates / Playwright	UNKNOWN STEP	2026-05-28T03:52:10.5771327Z |                                                                                |   0% of 2.3 MiB
gates / Playwright	UNKNOWN STEP	2026-05-28T03:52:10.5940417Z |■■■■■■■■                                                                        |  10% of 2.3 MiB
gates / Playwright	UNKNOWN STEP	2026-05-28T03:52:10.6069476Z |■■■■■■■■■■■■■■■■                                                                |  20% of 2.3 MiB
gates / Playwright	UNKNOWN STEP	2026-05-28T03:52:10.6138229Z |■■■■■■■■■■■■■■■■■■■■■■■■                                                        |  30% of 2.3 MiB
gates / Playwright	UNKNOWN STEP	2026-05-28T03:52:10.6198743Z |■■■■■■■■■■■■■■■■■■■■■■■■■■■■■■■■                                                |  40% of 2.3 MiB
gates / Playwright	UNKNOWN STEP	2026-05-28T03:52:10.6214409Z |■■■■■■■■■■■■■■■■■■■■■■■■■■■■■■■■■■■■■■■■                                        |  50% of 2.3 MiB
gates / Playwright	UNKNOWN STEP	2026-05-28T03:52:10.6271141Z |■■■■■■■■■■■■■■■■■■■■■■■■■■■■■■■■■■■■■■■■■■■■■■■■                                |  60% of 2.3 MiB
gates / Playwright	UNKNOWN STEP	2026-05-28T03:52:10.6293921Z |■■■■■■■■■■■■■■■■■■■■■■■■■■■■■■■■■■■■■■■■■■■■■■■■■■■■■■■■                        |  70% of 2.3 MiB
gates / Playwright	UNKNOWN STEP	2026-05-28T03:52:10.6341610Z |■■■■■■■■■■■■■■■■■■■■■■■■■■■■■■■■■■■■■■■■■■■■■■■■■■■■■■■■■■■■■■■■                |  80% of 2.3 MiB
gates / Playwright	UNKNOWN STEP	2026-05-28T03:52:10.6354715Z |■■■■■■■■■■■■■■■■■■■■■■■■■■■■■■■■■■■■■■■■■■■■■■■■■■■■■■■■■■■■■■■■■■■■■■■■        |  90% of 2.3 MiB
gates / Playwright	UNKNOWN STEP	2026-05-28T03:52:10.6363541Z |■■■■■■■■■■■■■■■■■■■■■■■■■■■■■■■■■■■■■■■■■■■■■■■■■■■■■■■■■■■■■■■■■■■■■■■■■■■■■■■■| 100% of 2.3 MiB
gates / Playwright	UNKNOWN STEP	2026-05-28T03:52:10.6946293Z FFmpeg (playwright ffmpeg v1011) downloaded to /home/runner/.cache/ms-playwright/ffmpeg-1011
gates / Playwright	UNKNOWN STEP	2026-05-28T03:52:10.6949992Z Downloading Chrome Headless Shell 148.0.7778.96 (playwright chromium-headless-shell v1223) from https://cdn.playwright.dev/builds/cft/148.0.7778.96/linux64/chrome-headless-shell-linux64.zip
gates / Playwright	UNKNOWN STEP	2026-05-28T03:52:11.7188868Z |                                                                                |   0% of 113.2 MiB
gates / Playwright	UNKNOWN STEP	2026-05-28T03:52:11.8535635Z |■■■■■■■■                                                                        |  10% of 113.2 MiB
gates / Playwright	UNKNOWN STEP	2026-05-28T03:52:11.9190538Z |■■■■■■■■■■■■■■■■                                                                |  20% of 113.2 MiB
gates / Playwright	UNKNOWN STEP	2026-05-28T03:52:11.9705835Z |■■■■■■■■■■■■■■■■■■■■■■■■                                                        |  30% of 113.2 MiB
gates / Playwright	UNKNOWN STEP	2026-05-28T03:52:12.0340536Z |■■■■■■■■■■■■■■■■■■■■■■■■■■■■■■■■                                                |  40% of 113.2 MiB
gates / Playwright	UNKNOWN STEP	2026-05-28T03:52:12.0728500Z |■■■■■■■■■■■■■■■■■■■■■■■■■■■■■■■■■■■■■■■■                                        |  50% of 113.2 MiB
gates / Playwright	UNKNOWN STEP	2026-05-28T03:52:12.1056890Z |■■■■■■■■■■■■■■■■■■■■■■■■■■■■■■■■■■■■■■■■■■■■■■■■                                |  60% of 113.2 MiB
gates / Playwright	UNKNOWN STEP	2026-05-28T03:52:12.1619065Z |■■■■■■■■■■■■■■■■■■■■■■■■■■■■■■■■■■■■■■■■■■■■■■■■■■■■■■■■                        |  70% of 113.2 MiB
gates / Playwright	UNKNOWN STEP	2026-05-28T03:52:12.1973391Z |■■■■■■■■■■■■■■■■■■■■■■■■■■■■■■■■■■■■■■■■■■■■■■■■■■■■■■■■■■■■■■■■                |  80% of 113.2 MiB
gates / Playwright	UNKNOWN STEP	2026-05-28T03:52:12.2296536Z |■■■■■■■■■■■■■■■■■■■■■■■■■■■■■■■■■■■■■■■■■■■■■■■■■■■■■■■■■■■■■■■■■■■■■■■■        |  90% of 113.2 MiB
gates / Playwright	UNKNOWN STEP	2026-05-28T03:52:12.2812766Z |■■■■■■■■■■■■■■■■■■■■■■■■■■■■■■■■■■■■■■■■■■■■■■■■■■■■■■■■■■■■■■■■■■■■■■■■■■■■■■■■| 100% of 113.2 MiB
gates / Playwright	UNKNOWN STEP	2026-05-28T03:52:14.5232971Z Chrome Headless Shell 148.0.7778.96 (playwright chromium-headless-shell v1223) downloaded to /home/runner/.cache/ms-playwright/chromium_headless_shell-1223
gates / Playwright	UNKNOWN STEP	2026-05-28T03:52:14.5618911Z ##[group]Run pnpm --filter web run test:e2e
gates / Playwright	UNKNOWN STEP	2026-05-28T03:52:14.5619300Z ^[[36;1mpnpm --filter web run test:e2e^[[0m
gates / Playwright	UNKNOWN STEP	2026-05-28T03:52:14.5647568Z shell: /usr/bin/bash -e {0}
gates / Playwright	UNKNOWN STEP	2026-05-28T03:52:14.5647853Z env:
gates / Playwright	UNKNOWN STEP	2026-05-28T03:52:14.5648138Z   PNPM_HOME: /home/runner/setup-pnpm/node_modules/.bin
gates / Playwright	UNKNOWN STEP	2026-05-28T03:52:14.5648469Z ##[endgroup]
gates / Playwright	UNKNOWN STEP	2026-05-28T03:52:15.0861550Z $ node ../../node_modules/@playwright/test/cli.js test
gates / Playwright	UNKNOWN STEP	2026-05-28T03:52:17.0848794Z [WebServer] ^[[2m$ next dev --turbopack^[[22m
gates / Playwright	UNKNOWN STEP	2026-05-28T03:52:22.3274338Z 
gates / Playwright	UNKNOWN STEP	2026-05-28T03:52:22.3274848Z Running 70 tests using 1 worker
gates / Playwright	UNKNOWN STEP	2026-05-28T03:52:28.3024852Z [WebServer] ^[[31m^[[1m⨯^[[22m^[[39m Error: ZM_E2E: skipping backend fetch in test mode
gates / Playwright	UNKNOWN STEP	2026-05-28T03:52:28.3025976Z [WebServer]     at Object.onRequest (lib/api/client.ts:81:13)
gates / Playwright	UNKNOWN STEP	2026-05-28T03:52:28.3027026Z [WebServer]     at fetchAnalyticsSummary (features/analytics/api/analytics-api.ts:39:28)
gates / Playwright	UNKNOWN STEP	2026-05-28T03:52:28.3028171Z [WebServer]     at queryFn (features/analytics/hooks/useAnalyticsSummary.ts:17:41)
gates / Playwright	UNKNOWN STEP	2026-05-28T03:52:28.3029188Z [WebServer]   ^[[90m79 |^[[0m   ^[[36masync^[[0m onRequest({ request }) {
gates / Playwright	UNKNOWN STEP	2026-05-28T03:52:28.3030719Z [WebServer]   ^[[90m80 |^[[0m     ^[[36mif^[[0m (^[[36mtypeof^[[0m window === ^[[32m'undefined'^[[0m && process.env.^[[33mZM_E2E^[[0m === ^[[32m'1'^[[0m) {
gates / Playwright	UNKNOWN STEP	2026-05-28T03:52:28.3032430Z [WebServer] ^[[31m^[[1m>^[[0m ^[[90m81 |^[[0m       ^[[36mthrow^[[0m ^[[36mnew^[[0m ^[[33mError^[[0m(^[[32m'ZM_E2E: skipping backend fetch in test mode'^[[0m);
gates / Playwright	UNKNOWN STEP	2026-05-28T03:52:28.3033583Z [WebServer]   ^[[90m   |^[[0m             ^[[31m^[[1m^^[[0m
gates / Playwright	UNKNOWN STEP	2026-05-28T03:52:28.3034207Z [WebServer]   ^[[90m82 |^[[0m     }
gates / Playwright	UNKNOWN STEP	2026-05-28T03:52:28.3034874Z [WebServer]   ^[[90m83 |^[[0m     ^[[36mreturn^[[0m request;
gates / Playwright	UNKNOWN STEP	2026-05-28T03:52:28.3035504Z [WebServer]   ^[[90m84 |^[[0m   }, {
gates / Playwright	UNKNOWN STEP	2026-05-28T03:52:28.3036550Z [WebServer]   digest: ^[[32m'697132277'^[[39m
gates / Playwright	UNKNOWN STEP	2026-05-28T03:52:28.3036998Z [WebServer] }
gates / Playwright	UNKNOWN STEP	2026-05-28T03:52:28.5715895Z [WebServer] ^[[36m[browser]^[[39m ^[[31mUncaught Error: Switched to client rendering because the server rendering errored:
gates / Playwright	UNKNOWN STEP	2026-05-28T03:52:28.5717219Z [WebServer] 
gates / Playwright	UNKNOWN STEP	2026-05-28T03:52:28.5718133Z [WebServer] ZM_E2E: skipping backend fetch in test mode^[[39m
gates / Playwright	UNKNOWN STEP	2026-05-28T03:52:28.5719250Z [WebServer] ^[[31m    at Object.onRequest (lib/api/client.ts:81:13)
gates / Playwright	UNKNOWN STEP	2026-05-28T03:52:28.5720696Z [WebServer]     at fetchAnalyticsSummary (features/analytics/api/analytics-api.ts:39:28)
gates / Playwright	UNKNOWN STEP	2026-05-28T03:52:28.5722160Z [WebServer]     at queryFn (features/analytics/hooks/useAnalyticsSummary.ts:17:41)^[[39m
gates / Playwright	UNKNOWN STEP	2026-05-28T03:52:28.5723328Z [WebServer]   79 |   async onRequest({ request }) {
gates / Playwright	UNKNOWN STEP	2026-05-28T03:52:28.5724404Z [WebServer]   80 |     if (typeof window === 'undefined' && process.env.ZM_E2E === '1') {
gates / Playwright	UNKNOWN STEP	2026-05-28T03:52:28.5725602Z [WebServer] > 81 |       throw new Error('ZM_E2E: skipping backend fetch in test mode');
gates / Playwright	UNKNOWN STEP	2026-05-28T03:52:28.5726522Z [WebServer]      |             ^
gates / Playwright	UNKNOWN STEP	2026-05-28T03:52:28.5727139Z [WebServer]   82 |     }
gates / Playwright	UNKNOWN STEP	2026-05-28T03:52:28.5727782Z [WebServer]   83 |     return request;
gates / Playwright	UNKNOWN STEP	2026-05-28T03:52:28.5728424Z [WebServer]   84 |   },
gates / Playwright	UNKNOWN STEP	2026-05-28T03:52:31.3487416Z [WebServer] ^[[31m^[[1m⨯^[[22m^[[39m Error: ZM_E2E: skipping backend fetch in test mode
gates / Playwright	UNKNOWN STEP	2026-05-28T03:52:31.3488674Z [WebServer]     at Object.onRequest (lib/api/client.ts:81:13)
gates / Playwright	UNKNOWN STEP	2026-05-28T03:52:31.3491187Z [WebServer]     at fetchAnalyticsSummary (features/analytics/api/analytics-api.ts:39:28)
gates / Playwright	UNKNOWN STEP	2026-05-28T03:52:31.3492562Z [WebServer]     at queryFn (features/analytics/hooks/useAnalyticsSummary.ts:17:41)
gates / Playwright	UNKNOWN STEP	2026-05-28T03:52:31.3494030Z [WebServer]   ^[[90m79 |^[[0m   ^[[36masync^[[0m onRequest({ request }) {
gates / Playwright	UNKNOWN STEP	2026-05-28T03:52:31.3495726Z [WebServer]   ^[[90m80 |^[[0m     ^[[36mif^[[0m (^[[36mtypeof^[[0m window === ^[[32m'undefined'^[[0m && process.env.^[[33mZM_E2E^[[0m === ^[[32m'1'^[[0m) {
gates / Playwright	UNKNOWN STEP	2026-05-28T03:52:31.3497699Z [WebServer] ^[[31m^[[1m>^[[0m ^[[90m81 |^[[0m       ^[[36mthrow^[[0m ^[[36mnew^[[0m ^[[33mError^[[0m(^[[32m'ZM_E2E: skipping backend fetch in test mode'^[[0m);
gates / Playwright	UNKNOWN STEP	2026-05-28T03:52:31.3499040Z [WebServer]   ^[[90m   |^[[0m             ^[[31m^[[1m^^[[0m
gates / Playwright	UNKNOWN STEP	2026-05-28T03:52:31.3500636Z [WebServer]   ^[[90m82 |^[[0m     }
gates / Playwright	UNKNOWN STEP	2026-05-28T03:52:31.3501647Z [WebServer]   ^[[90m83 |^[[0m     ^[[36mreturn^[[0m request;
gates / Playwright	UNKNOWN STEP	2026-05-28T03:52:31.3502535Z [WebServer]   ^[[90m84 |^[[0m   }, {
gates / Playwright	UNKNOWN STEP	2026-05-28T03:52:31.3503360Z [WebServer]   digest: ^[[32m'697132277'^[[39m
gates / Playwright	UNKNOWN STEP	2026-05-28T03:52:31.3504038Z [WebServer] }
gates / Playwright	UNKNOWN STEP	2026-05-28T03:52:31.4966473Z [WebServer] ^[[36m[browser]^[[39m ^[[31mUncaught Error: Switched to client rendering because the server rendering errored:
gates / Playwright	UNKNOWN STEP	2026-05-28T03:52:31.4972605Z [WebServer] 
gates / Playwright	UNKNOWN STEP	2026-05-28T03:52:31.4973614Z [WebServer] ZM_E2E: skipping backend fetch in test mode^[[39m
gates / Playwright	UNKNOWN STEP	2026-05-28T03:52:31.4974984Z [WebServer] ^[[31m    at Object.onRequest (lib/api/client.ts:81:13)
gates / Playwright	UNKNOWN STEP	2026-05-28T03:52:31.4976406Z [WebServer]     at fetchAnalyticsSummary (features/analytics/api/analytics-api.ts:39:28)
gates / Playwright	UNKNOWN STEP	2026-05-28T03:52:31.4977860Z [WebServer]     at queryFn (features/analytics/hooks/useAnalyticsSummary.ts:17:41)^[[39m
gates / Playwright	UNKNOWN STEP	2026-05-28T03:52:31.4982693Z [WebServer]   79 |   async onRequest({ request }) {
gates / Playwright	UNKNOWN STEP	2026-05-28T03:52:31.4983543Z [WebServer]   80 |     if (typeof window === 'undefined' && process.env.ZM_E2E === '1') {
gates / Playwright	UNKNOWN STEP	2026-05-28T03:52:31.4992685Z [WebServer] > 81 |       throw new Error('ZM_E2E: skipping backend fetch in test mode');
gates / Playwright	UNKNOWN STEP	2026-05-28T03:52:31.5000596Z [WebServer]      |             ^
gates / Playwright	UNKNOWN STEP	2026-05-28T03:52:31.5001087Z [WebServer]   82 |     }
gates / Playwright	UNKNOWN STEP	2026-05-28T03:52:31.5001573Z [WebServer]   83 |     return request;
gates / Playwright	UNKNOWN STEP	2026-05-28T03:52:31.5002025Z [WebServer]   84 |   },
gates / Playwright	UNKNOWN STEP	2026-05-28T03:52:34.1242858Z [WebServer] ^[[31m^[[1m⨯^[[22m^[[39m Error: ZM_E2E: skipping backend fetch in test mode
gates / Playwright	UNKNOWN STEP	2026-05-28T03:52:34.1251774Z [WebServer]     at Object.onRequest (lib/api/client.ts:81:13)
gates / Playwright	UNKNOWN STEP	2026-05-28T03:52:34.1253044Z [WebServer]     at fetchAnalyticsSummary (features/analytics/api/analytics-api.ts:39:28)
gates / Playwright	UNKNOWN STEP	2026-05-28T03:52:34.1254878Z [WebServer]     at queryFn (features/analytics/hooks/useAnalyticsSummary.ts:17:41)
gates / Playwright	UNKNOWN STEP	2026-05-28T03:52:34.1258843Z [WebServer]   ^[[90m79 |^[[0m   ^[[36masync^[[0m onRequest({ request }) {
gates / Playwright	UNKNOWN STEP	2026-05-28T03:52:34.1261040Z [WebServer]   ^[[90m80 |^[[0m     ^[[36mif^[[0m (^[[36mtypeof^[[0m window === ^[[32m'undefined'^[[0m && process.env.^[[33mZM_E2E^[[0m === ^[[32m'1'^[[0m) {
gates / Playwright	UNKNOWN STEP	2026-05-28T03:52:34.1264330Z [WebServer] ^[[31m^[[1m>^[[0m ^[[90m81 |^[[0m       ^[[36mthrow^[[0m ^[[36mnew^[[0m ^[[33mError^[[0m(^[[32m'ZM_E2E: skipping backend fetch in test mode'^[[0m);
gates / Playwright	UNKNOWN STEP	2026-05-28T03:52:34.1265664Z [WebServer]   ^[[90m   |^[[0m             ^[[31m^[[1m^^[[0m
gates / Playwright	UNKNOWN STEP	2026-05-28T03:52:34.1270317Z [WebServer]   ^[[90m82 |^[[0m     }
gates / Playwright	UNKNOWN STEP	2026-05-28T03:52:34.1271190Z [WebServer]   ^[[90m83 |^[[0m     ^[[36mreturn^[[0m request;
gates / Playwright	UNKNOWN STEP	2026-05-28T03:52:34.1272066Z [WebServer]   ^[[90m84 |^[[0m   }, {
gates / Playwright	UNKNOWN STEP	2026-05-28T03:52:34.1272774Z [WebServer]   digest: ^[[32m'697132277'^[[39m
gates / Playwright	UNKNOWN STEP	2026-05-28T03:52:34.1273344Z [WebServer] }
gates / Playwright	UNKNOWN STEP	2026-05-28T03:52:34.3762066Z [WebServer] ^[[36m[browser]^[[39m ^[[31mUncaught Error: Switched to client rendering because the server rendering errored:
gates / Playwright	UNKNOWN STEP	2026-05-28T03:52:34.3811199Z [WebServer] 
gates / Playwright	UNKNOWN STEP	2026-05-28T03:52:34.3812210Z [WebServer] ZM_E2E: skipping backend fetch in test mode^[[39m
gates / Playwright	UNKNOWN STEP	2026-05-28T03:52:34.3813284Z [WebServer] ^[[31m    at Object.onRequest (lib/api/client.ts:81:13)
gates / Playwright	UNKNOWN STEP	2026-05-28T03:52:34.3826481Z [WebServer]     at fetchAnalyticsSummary (features/analytics/api/analytics-api.ts:39:28)
gates / Playwright	UNKNOWN STEP	2026-05-28T03:52:34.3851340Z [WebServer]     at queryFn (features/analytics/hooks/useAnalyticsSummary.ts:17:41)^[[39m
gates / Playwright	UNKNOWN STEP	2026-05-28T03:52:34.3852336Z [WebServer]   79 |   async onRequest({ request }) {
gates / Playwright	UNKNOWN STEP	2026-05-28T03:52:34.3853197Z [WebServer]   80 |     if (typeof window === 'undefined' && process.env.ZM_E2E === '1') {
gates / Playwright	UNKNOWN STEP	2026-05-28T03:52:34.3854146Z [WebServer] > 81 |       throw new Error('ZM_E2E: skipping backend fetch in test mode');
gates / Playwright	UNKNOWN STEP	2026-05-28T03:52:34.3854826Z [WebServer]      |             ^
gates / Playwright	UNKNOWN STEP	2026-05-28T03:52:34.3855252Z [WebServer]   82 |     }
gates / Playwright	UNKNOWN STEP	2026-05-28T03:52:34.3855716Z [WebServer]   83 |     return request;
gates / Playwright	UNKNOWN STEP	2026-05-28T03:52:34.3856164Z [WebServer]   84 |   },
gates / Playwright	UNKNOWN STEP	2026-05-28T03:52:36.6951446Z [WebServer] ^[[31m^[[1m⨯^[[22m^[[39m Error: ZM_E2E: skipping backend fetch in test mode
gates / Playwright	UNKNOWN STEP	2026-05-28T03:52:36.6958613Z [WebServer]     at Object.onRequest (lib/api/client.ts:81:13)
gates / Playwright	UNKNOWN STEP	2026-05-28T03:52:36.6959892Z [WebServer]     at fetchAnalyticsSummary (features/analytics/api/analytics-api.ts:39:28)
gates / Playwright	UNKNOWN STEP	2026-05-28T03:52:36.6961555Z [WebServer]     at queryFn (features/analytics/hooks/useAnalyticsSummary.ts:17:41)
gates / Playwright	UNKNOWN STEP	2026-05-28T03:52:36.6962844Z [WebServer]   ^[[90m79 |^[[0m   ^[[36masync^[[0m onRequest({ request }) {
gates / Playwright	UNKNOWN STEP	2026-05-28T03:52:36.6964514Z [WebServer]   ^[[90m80 |^[[0m     ^[[36mif^[[0m (^[[36mtypeof^[[0m window === ^[[32m'undefined'^[[0m && process.env.^[[33mZM_E2E^[[0m === ^[[32m'1'^[[0m) {
gates / Playwright	UNKNOWN STEP	2026-05-28T03:52:36.6966495Z [WebServer] ^[[31m^[[1m>^[[0m ^[[90m81 |^[[0m       ^[[36mthrow^[[0m ^[[36mnew^[[0m ^[[33mError^[[0m(^[[32m'ZM_E2E: skipping backend fetch in test mode'^[[0m);
gates / Playwright	UNKNOWN STEP	2026-05-28T03:52:36.6967788Z [WebServer]   ^[[90m   |^[[0m             ^[[31m^[[1m^^[[0m
gates / Playwright	UNKNOWN STEP	2026-05-28T03:52:36.6968611Z [WebServer]   ^[[90m82 |^[[0m     }
gates / Playwright	UNKNOWN STEP	2026-05-28T03:52:36.6969451Z [WebServer]   ^[[90m83 |^[[0m     ^[[36mreturn^[[0m request;
gates / Playwright	UNKNOWN STEP	2026-05-28T03:52:36.6970375Z [WebServer]   ^[[90m84 |^[[0m   }, {
gates / Playwright	UNKNOWN STEP	2026-05-28T03:52:36.6971161Z [WebServer]   digest: ^[[32m'697132277'^[[39m
gates / Playwright	UNKNOWN STEP	2026-05-28T03:52:36.6971786Z [WebServer] }
gates / Playwright	UNKNOWN STEP	2026-05-28T03:52:37.1895582Z [WebServer] ^[[36m[browser]^[[39m ^[[31mUncaught Error: Switched to client rendering because the server rendering errored:
gates / Playwright	UNKNOWN STEP	2026-05-28T03:52:37.2031251Z [WebServer] 
gates / Playwright	UNKNOWN STEP	2026-05-28T03:52:37.2072401Z [WebServer] ZM_E2E: skipping backend fetch in test mode^[[39m
gates / Playwright	UNKNOWN STEP	2026-05-28T03:52:37.2101273Z [WebServer] ^[[31m    at Object.onRequest (lib/api/client.ts:81:13)
gates / Playwright	UNKNOWN STEP	2026-05-28T03:52:37.2131254Z [WebServer]     at fetchAnalyticsSummary (features/analytics/api/analytics-api.ts:39:28)
gates / Playwright	UNKNOWN STEP	2026-05-28T03:52:37.2191632Z [WebServer]     at queryFn (features/analytics/hooks/useAnalyticsSummary.ts:17:41)^[[39m
gates / Playwright	UNKNOWN STEP	2026-05-28T03:52:37.2220830Z [WebServer]   79 |   async onRequest({ request }) {
gates / Playwright	UNKNOWN STEP	2026-05-28T03:52:37.2281492Z [WebServer]   80 |     if (typeof window === 'undefined' && process.env.ZM_E2E === '1') {
gates / Playwright	UNKNOWN STEP	2026-05-28T03:52:37.2311490Z [WebServer] > 81 |       throw new Error('ZM_E2E: skipping backend fetch in test mode');
gates / Playwright	UNKNOWN STEP	2026-05-28T03:52:37.2370372Z [WebServer]      |             ^
gates / Playwright	UNKNOWN STEP	2026-05-28T03:52:37.2420966Z [WebServer]   82 |     }
gates / Playwright	UNKNOWN STEP	2026-05-28T03:52:37.2481072Z [WebServer]   83 |     return request;
gates / Playwright	UNKNOWN STEP	2026-05-28T03:52:37.2510834Z [WebServer]   84 |   },
gates / Playwright	UNKNOWN STEP	2026-05-28T03:52:39.4499094Z [WebServer] ^[[31m^[[1m⨯^[[22m^[[39m Error: ZM_E2E: skipping backend fetch in test mode
gates / Playwright	UNKNOWN STEP	2026-05-28T03:52:39.4524392Z [WebServer]     at Object.onRequest (lib/api/client.ts:81:13)
gates / Playwright	UNKNOWN STEP	2026-05-28T03:52:39.4546839Z [WebServer]     at fetchAnalyticsSummary (features/analytics/api/analytics-api.ts:39:28)
gates / Playwright	UNKNOWN STEP	2026-05-28T03:52:39.4548212Z [WebServer]     at queryFn (features/analytics/hooks/useAnalyticsSummary.ts:17:41)
gates / Playwright	UNKNOWN STEP	2026-05-28T03:52:39.4549577Z [WebServer]   ^[[90m79 |^[[0m   ^[[36masync^[[0m onRequest({ request }) {
gates / Playwright	UNKNOWN STEP	2026-05-28T03:52:39.4551547Z [WebServer]   ^[[90m80 |^[[0m     ^[[36mif^[[0m (^[[36mtypeof^[[0m window === ^[[32m'undefined'^[[0m && process.env.^[[33mZM_E2E^[[0m === ^[[32m'1'^[[0m) {
gates / Playwright	UNKNOWN STEP	2026-05-28T03:52:39.4553233Z [WebServer] ^[[31m^[[1m>^[[0m ^[[90m81 |^[[0m       ^[[36mthrow^[[0m ^[[36mnew^[[0m ^[[33mError^[[0m(^[[32m'ZM_E2E: skipping backend fetch in test mode'^[[0m);
gates / Playwright	UNKNOWN STEP	2026-05-28T03:52:39.4554361Z [WebServer]   ^[[90m   |^[[0m             ^[[31m^[[1m^^[[0m
gates / Playwright	UNKNOWN STEP	2026-05-28T03:52:39.4554965Z [WebServer]   ^[[90m82 |^[[0m     }
gates / Playwright	UNKNOWN STEP	2026-05-28T03:52:39.4555582Z [WebServer]   ^[[90m83 |^[[0m     ^[[36mreturn^[[0m request;
gates / Playwright	UNKNOWN STEP	2026-05-28T03:52:39.4556236Z [WebServer]   ^[[90m84 |^[[0m   }, {
gates / Playwright	UNKNOWN STEP	2026-05-28T03:52:39.4556843Z [WebServer]   digest: ^[[32m'697132277'^[[39m
gates / Playwright	UNKNOWN STEP	2026-05-28T03:52:39.4557325Z [WebServer] }
gates / Playwright	UNKNOWN STEP	2026-05-28T03:52:39.7212674Z [WebServer] ^[[36m[browser]^[[39m ^[[31mUncaught Error: Switched to client rendering because the server rendering errored:
gates / Playwright	UNKNOWN STEP	2026-05-28T03:52:39.7214543Z [WebServer] 
gates / Playwright	UNKNOWN STEP	2026-05-28T03:52:39.7216179Z [WebServer] ZM_E2E: skipping backend fetch in test mode^[[39m
gates / Playwright	UNKNOWN STEP	2026-05-28T03:52:39.7217472Z [WebServer] ^[[31m    at Object.onRequest (lib/api/client.ts:81:13)
gates / Playwright	UNKNOWN STEP	2026-05-28T03:52:39.7218706Z [WebServer]     at fetchAnalyticsSummary (features/analytics/api/analytics-api.ts:39:28)
gates / Playwright	UNKNOWN STEP	2026-05-28T03:52:39.7231670Z [WebServer]     at queryFn (features/analytics/hooks/useAnalyticsSummary.ts:17:41)^[[39m
gates / Playwright	UNKNOWN STEP	2026-05-28T03:52:39.7237703Z [WebServer]   79 |   async onRequest({ request }) {
gates / Playwright	UNKNOWN STEP	2026-05-28T03:52:39.7238839Z [WebServer]   80 |     if (typeof window === 'undefined' && process.env.ZM_E2E === '1') {
gates / Playwright	UNKNOWN STEP	2026-05-28T03:52:39.7241566Z [WebServer] > 81 |       throw new Error('ZM_E2E: skipping backend fetch in test mode');
gates / Playwright	UNKNOWN STEP	2026-05-28T03:52:39.7242347Z [WebServer]      |             ^
gates / Playwright	UNKNOWN STEP	2026-05-28T03:52:39.7242794Z [WebServer]   82 |     }
gates / Playwright	UNKNOWN STEP	2026-05-28T03:52:39.7243282Z [WebServer]   83 |     return request;
gates / Playwright	UNKNOWN STEP	2026-05-28T03:52:39.7243748Z [WebServer]   84 |   },
gates / Playwright	UNKNOWN STEP	2026-05-28T03:52:49.5777685Z [WebServer] ^[[36m[browser]^[[39m A tree hydrated but some attributes of the server rendered HTML didn't match the client properties. This won't be patched up. This can happen if a SSR-ed Client Component used:
gates / Playwright	UNKNOWN STEP	2026-05-28T03:52:49.5779300Z [WebServer] 
gates / Playwright	UNKNOWN STEP	2026-05-28T03:52:49.5780069Z [WebServer] - A server/client branch `if (typeof window !== 'undefined')`.
gates / Playwright	UNKNOWN STEP	2026-05-28T03:52:49.5783957Z [WebServer] - Variable input such as `Date.now()` or `Math.random()` which changes each time it's called.
gates / Playwright	UNKNOWN STEP	2026-05-28T03:52:49.5784981Z [WebServer] - Date formatting in a user's locale which doesn't match the server.
gates / Playwright	UNKNOWN STEP	2026-05-28T03:52:49.5786050Z [WebServer] - External changing data without sending a snapshot of it along with the HTML.
gates / Playwright	UNKNOWN STEP	2026-05-28T03:52:49.5786813Z [WebServer] - Invalid HTML tag nesting.
gates / Playwright	UNKNOWN STEP	2026-05-28T03:52:49.5787262Z [WebServer] 
gates / Playwright	UNKNOWN STEP	2026-05-28T03:52:49.5787888Z [WebServer] It can also happen if the client has a browser extension installed which messes with the HTML before React loaded.
gates / Playwright	UNKNOWN STEP	2026-05-28T03:52:49.5788436Z [WebServer] 
gates / Playwright	UNKNOWN STEP	2026-05-28T03:52:49.5788797Z [WebServer] https://react.dev/link/hydration-mismatch
gates / Playwright	UNKNOWN STEP	2026-05-28T03:52:49.5789587Z [WebServer] 
gates / Playwright	UNKNOWN STEP	2026-05-28T03:52:49.5789842Z [WebServer]   ...
gates / Playwright	UNKNOWN STEP	2026-05-28T03:52:49.5790711Z [WebServer]     <SegmentViewNode type="layout" pagePath="(protected...">
gates / Playwright	UNKNOWN STEP	2026-05-28T03:52:49.5791468Z [WebServer]       <SegmentTrieNode>
gates / Playwright	UNKNOWN STEP	2026-05-28T03:52:49.5791950Z [WebServer]       <script>
gates / Playwright	UNKNOWN STEP	2026-05-28T03:52:49.5792367Z [WebServer]       <script>
gates / Playwright	UNKNOWN STEP	2026-05-28T03:52:49.5792756Z [WebServer]       <script>
gates / Playwright	UNKNOWN STEP	2026-05-28T03:52:49.5793133Z [WebServer]       <script>
gates / Playwright	UNKNOWN STEP	2026-05-28T03:52:49.5793527Z [WebServer]       <script>
gates / Playwright	UNKNOWN STEP	2026-05-28T03:52:49.5793906Z [WebServer]       <script>
gates / Playwright	UNKNOWN STEP	2026-05-28T03:52:49.5794282Z [WebServer]       <script>
gates / Playwright	UNKNOWN STEP	2026-05-28T03:52:49.5794617Z [WebServer]       <script>
gates / Playwright	UNKNOWN STEP	2026-05-28T03:52:49.5794870Z [WebServer]       <script>
gates / Playwright	UNKNOWN STEP	2026-05-28T03:52:49.5795121Z [WebServer]       <script>
gates / Playwright	UNKNOWN STEP	2026-05-28T03:52:49.5795363Z [WebServer]       <script>
gates / Playwright	UNKNOWN STEP	2026-05-28T03:52:49.5795616Z [WebServer]       <script>
gates / Playwright	UNKNOWN STEP	2026-05-28T03:52:49.5795921Z [WebServer]       <ProtectedAppLayout>
gates / Playwright	UNKNOWN STEP	2026-05-28T03:52:49.5796332Z [WebServer]         <HydrationBoundary state={{...}}>
gates / Playwright	UNKNOWN STEP	2026-05-28T03:52:49.5796785Z [WebServer]           <AppShell defaultSidebarOpen={true}>
gates / Playwright	UNKNOWN STEP	2026-05-28T03:52:49.5797192Z [WebServer]             <TooltipProvider>
gates / Playwright	UNKNOWN STEP	2026-05-28T03:52:49.5797678Z [WebServer]               <TooltipProvider data-slot="tooltip-pr..." delay={0}>
gates / Playwright	UNKNOWN STEP	2026-05-28T03:52:49.5798280Z [WebServer]                 <FloatingDelayGroup delay={{open:0, ...}} timeoutMs={400}>
gates / Playwright	UNKNOWN STEP	2026-05-28T03:52:49.5798903Z [WebServer]                   <SidebarProvider defaultOpen={true} data-testid="app-shell">
gates / Playwright	UNKNOWN STEP	2026-05-28T03:52:49.5799673Z [WebServer]                     <div data-slot="sidebar-wr..." style={{...}} className="group/side..." data-testid="app-shell">
gates / Playwright	UNKNOWN STEP	2026-05-28T03:52:49.5803088Z [WebServer]                       <div className="bg-sidebar...">
gates / Playwright	UNKNOWN STEP	2026-05-28T03:52:49.5803717Z [WebServer]                         <AppSidebar>
gates / Playwright	UNKNOWN STEP	2026-05-28T03:52:49.5804395Z [WebServer]                         <SidebarInset className="bg-sidebar...">
gates / Playwright	UNKNOWN STEP	2026-05-28T03:52:49.5805271Z [WebServer]                           <main data-slot="sidebar-inset" className="flex w-ful...">
gates / Playwright	UNKNOWN STEP	2026-05-28T03:52:49.5806012Z [WebServer]                             <PauseBanner>
gates / Playwright	UNKNOWN STEP	2026-05-28T03:52:49.5806562Z [WebServer]                             <div
gates / Playwright	UNKNOWN STEP	2026-05-28T03:52:49.5807876Z [WebServer]                               className="border-border bg-card flex flex-1 flex-col overflow-hidden rounded-xl border"
gates / Playwright	UNKNOWN STEP	2026-05-28T03:52:49.5808972Z [WebServer]                               data-testid="app-shell-content"
gates / Playwright	UNKNOWN STEP	2026-05-28T03:52:49.5809768Z [WebServer] -                             data-preservation-check="before-settings"
gates / Playwright	UNKNOWN STEP	2026-05-28T03:52:49.5810605Z [WebServer]                             >
gates / Playwright	UNKNOWN STEP	2026-05-28T03:52:49.5811094Z [WebServer]                   ...
gates / Playwright	UNKNOWN STEP	2026-05-28T03:52:49.5811369Z [WebServer]  
gates / Playwright	UNKNOWN STEP	2026-05-28T03:54:22.8233615Z ······················××F::error file=apps/web/e2e/landing-preview-motion.spec.ts,title=[chromium] › e2e/landing-preview-motion.spec.ts:3:5 › hero inbox preview cycles the active AI suggestion,line=7,col=25::  1) [chromium] › e2e/landing-preview-motion.spec.ts:3:5 › hero inbox preview cycles the active AI suggestion %0A    Error: expect(locator).toBeVisible() failed%0A%0A    Locator: locator('.zm-gm')%0A    Expected: visible%0A    Timeout: 15000ms%0A    Error: element(s) not found%0A%0A    Call log:%0A      - Expect "toBeVisible" with timeout 15000ms%0A      - waiting for locator('.zm-gm')%0A%0A%0A       5 |%0A       6 |   const preview = page.locator('.zm-gm');%0A    >  7 |   await expect(preview).toBeVisible();%0A         |                         ^%0A       8 |   await expect(preview).toHaveAttribute('data-motion', 'triage-cycle');%0A       9 |%0A      10 |   await expect%0A        at /home/runner/work/zero-mail/zero-mail/apps/web/e2e/landing-preview-motion.spec.ts:7:25
gates / Playwright	UNKNOWN STEP	2026-05-28T03:54:22.8268015Z ##[error]  1) [chromium] › e2e/landing-preview-motion.spec.ts:3:5 › hero inbox preview cycles the active AI suggestion 
gates / Playwright	UNKNOWN STEP	
gates / Playwright	UNKNOWN STEP	    Retry #1 ───────────────────────────────────────────────────────────────────────────────────────
gates / Playwright	UNKNOWN STEP	    Error: expect(locator).toBeVisible() failed
gates / Playwright	UNKNOWN STEP	
gates / Playwright	UNKNOWN STEP	    Locator: locator('.zm-gm')
gates / Playwright	UNKNOWN STEP	    Expected: visible
gates / Playwright	UNKNOWN STEP	    Timeout: 15000ms
gates / Playwright	UNKNOWN STEP	    Error: element(s) not found
gates / Playwright	UNKNOWN STEP	
gates / Playwright	UNKNOWN STEP	    Call log:
gates / Playwright	UNKNOWN STEP	      - Expect "toBeVisible" with timeout 15000ms
gates / Playwright	UNKNOWN STEP	      - waiting for locator('.zm-gm')
gates / Playwright	UNKNOWN STEP	
gates / Playwright	UNKNOWN STEP	
gates / Playwright	UNKNOWN STEP	       5 |
gates / Playwright	UNKNOWN STEP	       6 |   const preview = page.locator('.zm-gm');
gates / Playwright	UNKNOWN STEP	    >  7 |   await expect(preview).toBeVisible();
gates / Playwright	UNKNOWN STEP	         |                         ^
gates / Playwright	UNKNOWN STEP	       8 |   await expect(preview).toHaveAttribute('data-motion', 'triage-cycle');
gates / Playwright	UNKNOWN STEP	       9 |
gates / Playwright	UNKNOWN STEP	      10 |   await expect
gates / Playwright	UNKNOWN STEP	        at /home/runner/work/zero-mail/zero-mail/apps/web/e2e/landing-preview-motion.spec.ts:7:25
gates / Playwright	UNKNOWN STEP	2026-05-28T03:54:22.8284832Z ##[error]  1) [chromium] › e2e/landing-preview-motion.spec.ts:3:5 › hero inbox preview cycles the active AI suggestion 
gates / Playwright	UNKNOWN STEP	
gates / Playwright	UNKNOWN STEP	    Retry #2 ───────────────────────────────────────────────────────────────────────────────────────
gates / Playwright	UNKNOWN STEP	    Error: expect(locator).toBeVisible() failed
gates / Playwright	UNKNOWN STEP	
gates / Playwright	UNKNOWN STEP	    Locator: locator('.zm-gm')
gates / Playwright	UNKNOWN STEP	    Expected: visible
gates / Playwright	UNKNOWN STEP	    Timeout: 15000ms
gates / Playwright	UNKNOWN STEP	    Error: element(s) not found
gates / Playwright	UNKNOWN STEP	
gates / Playwright	UNKNOWN STEP	    Call log:
gates / Playwright	UNKNOWN STEP	      - Expect "toBeVisible" with timeout 15000ms
gates / Playwright	UNKNOWN STEP	      - waiting for locator('.zm-gm')
gates / Playwright	UNKNOWN STEP	
gates / Playwright	UNKNOWN STEP	
gates / Playwright	UNKNOWN STEP	       5 |
gates / Playwright	UNKNOWN STEP	       6 |   const preview = page.locator('.zm-gm');
gates / Playwright	UNKNOWN STEP	    >  7 |   await expect(preview).toBeVisible();
gates / Playwright	UNKNOWN STEP	         |                         ^
gates / Playwright	UNKNOWN STEP	       8 |   await expect(preview).toHaveAttribute('data-motion', 'triage-cycle');
gates / Playwright	UNKNOWN STEP	       9 |
gates / Playwright	UNKNOWN STEP	      10 |   await expect
gates / Playwright	UNKNOWN STEP	        at /home/runner/work/zero-mail/zero-mail/apps/web/e2e/landing-preview-motion.spec.ts:7:25
gates / Playwright	UNKNOWN STEP	2026-05-28T03:55:14.6690357Z ·°······························×±::error file=apps/web/e2e/rules-examples.spec.ts,title=[chromium] › e2e/rules-examples.spec.ts:14:9 › rules examples and auto-send setting › rules examples composer flow works at mobile,line=22,col=60::  2) [chromium] › e2e/rules-examples.spec.ts:14:9 › rules examples and auto-send setting › rules examples composer flow works at mobile %0A    Error: expect(locator).toBeVisible() failed%0A%0A    Locator: getByText('Choose from examples')%0A    Expected: visible%0A    Timeout: 15000ms%0A    Error: element(s) not found%0A%0A    Call log:%0A      - Expect "toBeVisible" with timeout 15000ms%0A      - waiting for getByText('Choose from examples')%0A%0A%0A      20 |%0A      21 |       await page.getByRole('button', { name: 'Create rule' }).click();%0A    > 22 |       await expect(page.getByText('Choose from examples')).toBeVisible();%0A         |                                                            ^%0A      23 |       await expect(page.getByText('Available actions')).toBeVisible();%0A      24 |       await expect(page.getByText('Send reply')).toBeVisible();%0A      25 |       await expect(page.getByText('Apply a Gmail label.')).toHaveCount(0);%0A        at /home/runner/work/zero-mail/zero-mail/apps/web/e2e/rules-examples.spec.ts:22:60
gates / Playwright	UNKNOWN STEP	2026-05-28T03:56:11.2822824Z ··×°°·×°°·F::error file=apps/web/e2e/rules-history.spec.ts,title=[chromium] › e2e/rules-history.spec.ts:28:7 › ai page renders protected senders empty state at desktop,line=34,col=7::  3) [chromium] › e2e/rules-history.spec.ts:28:7 › ai page renders protected senders empty state at desktop %0A    Error: expect(locator).toBeVisible() failed%0A%0A    Locator: getByRole('heading', { name: 'AI configuration', exact: true })%0A    Expected: visible%0A    Timeout: 15000ms%0A    Error: element(s) not found%0A%0A    Call log:%0A      - Expect "toBeVisible" with timeout 15000ms%0A      - waiting for getByRole('heading', { name: 'AI configuration', exact: true })%0A%0A%0A      32 |     await expect(%0A      33 |       page.getByRole('heading', { name: 'AI configuration', exact: true }),%0A    > 34 |     ).toBeVisible();%0A         |       ^%0A      35 |     await expect(page.getByText('Protected senders', { exact: true })).toBeVisible();%0A      36 |     await expectNoHorizontalOverflow(page);%0A      37 |   });%0A        at /home/runner/work/zero-mail/zero-mail/apps/web/e2e/rules-history.spec.ts:34:7
gates / Playwright	UNKNOWN STEP	2026-05-28T03:56:11.2839869Z ##[error]  3) [chromium] › e2e/rules-history.spec.ts:28:7 › ai page renders protected senders empty state at desktop 
gates / Playwright	UNKNOWN STEP	
gates / Playwright	UNKNOWN STEP	    Retry #1 ───────────────────────────────────────────────────────────────────────────────────────
gates / Playwright	UNKNOWN STEP	    Error: expect(locator).toBeVisible() failed
gates / Playwright	UNKNOWN STEP	
gates / Playwright	UNKNOWN STEP	    Locator: getByRole('heading', { name: 'AI configuration', exact: true })
gates / Playwright	UNKNOWN STEP	    Expected: visible
gates / Playwright	UNKNOWN STEP	    Timeout: 15000ms
gates / Playwright	UNKNOWN STEP	    Error: element(s) not found
gates / Playwright	UNKNOWN STEP	
gates / Playwright	UNKNOWN STEP	    Call log:
gates / Playwright	UNKNOWN STEP	      - Expect "toBeVisible" with timeout 15000ms
gates / Playwright	UNKNOWN STEP	      - waiting for getByRole('heading', { name: 'AI configuration', exact: true })
gates / Playwright	UNKNOWN STEP	
gates / Playwright	UNKNOWN STEP	
gates / Playwright	UNKNOWN STEP	      32 |     await expect(
gates / Playwright	UNKNOWN STEP	      33 |       page.getByRole('heading', { name: 'AI configuration', exact: true }),
gates / Playwright	UNKNOWN STEP	    > 34 |     ).toBeVisible();
gates / Playwright	UNKNOWN STEP	         |       ^
gates / Playwright	UNKNOWN STEP	      35 |     await expect(page.getByText('Protected senders', { exact: true })).toBeVisible();
gates / Playwright	UNKNOWN STEP	      36 |     await expectNoHorizontalOverflow(page);
gates / Playwright	UNKNOWN STEP	      37 |   });
gates / Playwright	UNKNOWN STEP	        at /home/runner/work/zero-mail/zero-mail/apps/web/e2e/rules-history.spec.ts:34:7
gates / Playwright	UNKNOWN STEP	2026-05-28T03:56:11.2856216Z ##[error]  3) [chromium] › e2e/rules-history.spec.ts:28:7 › ai page renders protected senders empty state at desktop 
gates / Playwright	UNKNOWN STEP	
gates / Playwright	UNKNOWN STEP	    Retry #2 ───────────────────────────────────────────────────────────────────────────────────────
gates / Playwright	UNKNOWN STEP	    Error: expect(locator).toBeVisible() failed
gates / Playwright	UNKNOWN STEP	
gates / Playwright	UNKNOWN STEP	    Locator: getByRole('heading', { name: 'AI configuration', exact: true })
gates / Playwright	UNKNOWN STEP	    Expected: visible
gates / Playwright	UNKNOWN STEP	    Timeout: 15000ms
gates / Playwright	UNKNOWN STEP	    Error: element(s) not found
gates / Playwright	UNKNOWN STEP	
gates / Playwright	UNKNOWN STEP	    Call log:
gates / Playwright	UNKNOWN STEP	      - Expect "toBeVisible" with timeout 15000ms
gates / Playwright	UNKNOWN STEP	      - waiting for getByRole('heading', { name: 'AI configuration', exact: true })
gates / Playwright	UNKNOWN STEP	
gates / Playwright	UNKNOWN STEP	
gates / Playwright	UNKNOWN STEP	      32 |     await expect(
gates / Playwright	UNKNOWN STEP	      33 |       page.getByRole('heading', { name: 'AI configuration', exact: true }),
gates / Playwright	UNKNOWN STEP	    > 34 |     ).toBeVisible();
gates / Playwright	UNKNOWN STEP	         |       ^
gates / Playwright	UNKNOWN STEP	      35 |     await expect(page.getByText('Protected senders', { exact: true })).toBeVisible();
gates / Playwright	UNKNOWN STEP	      36 |     await expectNoHorizontalOverflow(page);
gates / Playwright	UNKNOWN STEP	      37 |   });
gates / Playwright	UNKNOWN STEP	        at /home/runner/work/zero-mail/zero-mail/apps/web/e2e/rules-history.spec.ts:34:7
gates / Playwright	UNKNOWN STEP	2026-05-28T03:56:23.1682683Z °°°°°°····
gates / Playwright	UNKNOWN STEP	2026-05-28T03:56:23.3874496Z ·
gates / Playwright	UNKNOWN STEP	2026-05-28T03:56:23.3879647Z 
gates / Playwright	UNKNOWN STEP	2026-05-28T03:56:23.3889953Z   1) [chromium] › e2e/landing-preview-motion.spec.ts:3:5 › hero inbox preview cycles the active AI suggestion 
gates / Playwright	UNKNOWN STEP	2026-05-28T03:56:23.3891862Z 
gates / Playwright	UNKNOWN STEP	2026-05-28T03:56:23.3893187Z     Error: ^[[2mexpect(^[[22m^[[31mlocator^[[39m^[[2m).^[[22mtoBeVisible^[[2m(^[[22m^[[2m)^[[22m failed
gates / Playwright	UNKNOWN STEP	2026-05-28T03:56:23.3893780Z 
gates / Playwright	UNKNOWN STEP	2026-05-28T03:56:23.3893997Z     Locator: locator('.zm-gm')
gates / Playwright	UNKNOWN STEP	2026-05-28T03:56:23.3894416Z     Expected: visible
gates / Playwright	UNKNOWN STEP	2026-05-28T03:56:23.3894782Z     Timeout: 15000ms
gates / Playwright	UNKNOWN STEP	2026-05-28T03:56:23.3895208Z     Error: element(s) not found
gates / Playwright	UNKNOWN STEP	2026-05-28T03:56:23.3895476Z 
gates / Playwright	UNKNOWN STEP	2026-05-28T03:56:23.3895616Z     Call log:
gates / Playwright	UNKNOWN STEP	2026-05-28T03:56:23.3896231Z     ^[[2m  - Expect "toBeVisible" with timeout 15000ms^[[22m
gates / Playwright	UNKNOWN STEP	2026-05-28T03:56:23.3896879Z     ^[[2m  - waiting for locator('.zm-gm')^[[22m
gates / Playwright	UNKNOWN STEP	2026-05-28T03:56:23.3897230Z 
gates / Playwright	UNKNOWN STEP	2026-05-28T03:56:23.3897238Z 
gates / Playwright	UNKNOWN STEP	2026-05-28T03:56:23.3897381Z        5 |
gates / Playwright	UNKNOWN STEP	2026-05-28T03:56:23.3897806Z        6 |   const preview = page.locator('.zm-gm');
gates / Playwright	UNKNOWN STEP	2026-05-28T03:56:23.3898365Z     >  7 |   await expect(preview).toBeVisible();
gates / Playwright	UNKNOWN STEP	2026-05-28T03:56:23.3899221Z          |                         ^
gates / Playwright	UNKNOWN STEP	2026-05-28T03:56:23.3899891Z        8 |   await expect(preview).toHaveAttribute('data-motion', 'triage-cycle');
gates / Playwright	UNKNOWN STEP	2026-05-28T03:56:23.3902090Z        9 |
gates / Playwright	UNKNOWN STEP	2026-05-28T03:56:23.3902453Z       10 |   await expect
gates / Playwright	UNKNOWN STEP	2026-05-28T03:56:23.3903219Z         at /home/runner/work/zero-mail/zero-mail/apps/web/e2e/landing-preview-motion.spec.ts:7:25
gates / Playwright	UNKNOWN STEP	2026-05-28T03:56:23.3903786Z 
gates / Playwright	UNKNOWN STEP	2026-05-28T03:56:23.3904589Z     Error Context: test-results/landing-preview-motion-her-d889c-es-the-active-AI-suggestion-chromium/error-context.md
gates / Playwright	UNKNOWN STEP	2026-05-28T03:56:23.3905371Z 
gates / Playwright	UNKNOWN STEP	2026-05-28T03:56:23.3906139Z     attachment #2: trace (application/zip) ─────────────────────────────────────────────────────────
gates / Playwright	UNKNOWN STEP	2026-05-28T03:56:23.3907539Z     test-results/landing-preview-motion-her-d889c-es-the-active-AI-suggestion-chromium/trace.zip
gates / Playwright	UNKNOWN STEP	2026-05-28T03:56:23.3908613Z     Usage:
gates / Playwright	UNKNOWN STEP	2026-05-28T03:56:23.3908998Z 
gates / Playwright	UNKNOWN STEP	2026-05-28T03:56:23.3909959Z         pnpm exec playwright show-trace test-results/landing-preview-motion-her-d889c-es-the-active-AI-suggestion-chromium/trace.zip
gates / Playwright	UNKNOWN STEP	2026-05-28T03:56:23.3911394Z 
gates / Playwright	UNKNOWN STEP	2026-05-28T03:56:23.3911929Z     ────────────────────────────────────────────────────────────────────────────────────────────────
gates / Playwright	UNKNOWN STEP	2026-05-28T03:56:23.3912348Z 
gates / Playwright	UNKNOWN STEP	2026-05-28T03:56:23.3912835Z     Retry #1 ───────────────────────────────────────────────────────────────────────────────────────
gates / Playwright	UNKNOWN STEP	2026-05-28T03:56:23.3913234Z 
gates / Playwright	UNKNOWN STEP	2026-05-28T03:56:23.3913697Z     Error: ^[[2mexpect(^[[22m^[[31mlocator^[[39m^[[2m).^[[22mtoBeVisible^[[2m(^[[22m^[[2m)^[[22m failed
gates / Playwright	UNKNOWN STEP	2026-05-28T03:56:23.3914124Z 
gates / Playwright	UNKNOWN STEP	2026-05-28T03:56:23.3914286Z     Locator: locator('.zm-gm')
gates / Playwright	UNKNOWN STEP	2026-05-28T03:56:23.3914844Z     Expected: visible
gates / Playwright	UNKNOWN STEP	2026-05-28T03:56:23.3915206Z     Timeout: 15000ms
gates / Playwright	UNKNOWN STEP	2026-05-28T03:56:23.3915638Z     Error: element(s) not found
gates / Playwright	UNKNOWN STEP	2026-05-28T03:56:23.3915891Z 
gates / Playwright	UNKNOWN STEP	2026-05-28T03:56:23.3916025Z     Call log:
gates / Playwright	UNKNOWN STEP	2026-05-28T03:56:23.3931086Z     ^[[2m  - Expect "toBeVisible" with timeout 15000ms^[[22m
gates / Playwright	UNKNOWN STEP	2026-05-28T03:56:23.3931908Z     ^[[2m  - waiting for locator('.zm-gm')^[[22m
gates / Playwright	UNKNOWN STEP	2026-05-28T03:56:23.3932248Z 
gates / Playwright	UNKNOWN STEP	2026-05-28T03:56:23.3932257Z 
gates / Playwright	UNKNOWN STEP	2026-05-28T03:56:23.3932389Z        5 |
gates / Playwright	UNKNOWN STEP	2026-05-28T03:56:23.3932778Z        6 |   const preview = page.locator('.zm-gm');
gates / Playwright	UNKNOWN STEP	2026-05-28T03:56:23.3933549Z     >  7 |   await expect(preview).toBeVisible();
gates / Playwright	UNKNOWN STEP	2026-05-28T03:56:23.3933995Z          |                         ^
gates / Playwright	UNKNOWN STEP	2026-05-28T03:56:23.3934586Z        8 |   await expect(preview).toHaveAttribute('data-motion', 'triage-cycle');
gates / Playwright	UNKNOWN STEP	2026-05-28T03:56:23.3935125Z        9 |
gates / Playwright	UNKNOWN STEP	2026-05-28T03:56:23.3935420Z       10 |   await expect
gates / Playwright	UNKNOWN STEP	2026-05-28T03:56:23.3936107Z         at /home/runner/work/zero-mail/zero-mail/apps/web/e2e/landing-preview-motion.spec.ts:7:25
gates / Playwright	UNKNOWN STEP	2026-05-28T03:56:23.3936613Z 
gates / Playwright	UNKNOWN STEP	2026-05-28T03:56:23.3937379Z     Error Context: test-results/landing-preview-motion-her-d889c-es-the-active-AI-suggestion-chromium-retry1/error-context.md
gates / Playwright	UNKNOWN STEP	2026-05-28T03:56:23.3938162Z 
gates / Playwright	UNKNOWN STEP	2026-05-28T03:56:23.3938886Z     attachment #2: trace (application/zip) ─────────────────────────────────────────────────────────
gates / Playwright	UNKNOWN STEP	2026-05-28T03:56:23.3940623Z     test-results/landing-preview-motion-her-d889c-es-the-active-AI-suggestion-chromium-retry1/trace.zip
gates / Playwright	UNKNOWN STEP	2026-05-28T03:56:23.3941599Z     Usage:
gates / Playwright	UNKNOWN STEP	2026-05-28T03:56:23.3941793Z 
gates / Playwright	UNKNOWN STEP	2026-05-28T03:56:23.3942689Z         pnpm exec playwright show-trace test-results/landing-preview-motion-her-d889c-es-the-active-AI-suggestion-chromium-retry1/trace.zip
gates / Playwright	UNKNOWN STEP	2026-05-28T03:56:23.3943348Z 
gates / Playwright	UNKNOWN STEP	2026-05-28T03:56:23.3943770Z     ────────────────────────────────────────────────────────────────────────────────────────────────
gates / Playwright	UNKNOWN STEP	2026-05-28T03:56:23.3944068Z 
gates / Playwright	UNKNOWN STEP	2026-05-28T03:56:23.3944431Z     Retry #2 ───────────────────────────────────────────────────────────────────────────────────────
gates / Playwright	UNKNOWN STEP	2026-05-28T03:56:23.3944721Z 
gates / Playwright	UNKNOWN STEP	2026-05-28T03:56:23.3945092Z     Error: ^[[2mexpect(^[[22m^[[31mlocator^[[39m^[[2m).^[[22mtoBeVisible^[[2m(^[[22m^[[2m)^[[22m failed
gates / Playwright	UNKNOWN STEP	2026-05-28T03:56:23.3945416Z 
gates / Playwright	UNKNOWN STEP	2026-05-28T03:56:23.3945557Z     Locator: locator('.zm-gm')
gates / Playwright	UNKNOWN STEP	2026-05-28T03:56:23.3945831Z     Expected: visible
gates / Playwright	UNKNOWN STEP	2026-05-28T03:56:23.3946074Z     Timeout: 15000ms
gates / Playwright	UNKNOWN STEP	2026-05-28T03:56:23.3946595Z     Error: element(s) not found
gates / Playwright	UNKNOWN STEP	2026-05-28T03:56:23.3946786Z 
gates / Playwright	UNKNOWN STEP	2026-05-28T03:56:23.3946887Z     Call log:
gates / Playwright	UNKNOWN STEP	2026-05-28T03:56:23.3947263Z     ^[[2m  - Expect "toBeVisible" with timeout 15000ms^[[22m
gates / Playwright	UNKNOWN STEP	2026-05-28T03:56:23.3947717Z     ^[[2m  - waiting for locator('.zm-gm')^[[22m
gates / Playwright	UNKNOWN STEP	2026-05-28T03:56:23.3947930Z 
gates / Playwright	UNKNOWN STEP	2026-05-28T03:56:23.3947936Z 
gates / Playwright	UNKNOWN STEP	2026-05-28T03:56:23.3948025Z        5 |
gates / Playwright	UNKNOWN STEP	2026-05-28T03:56:23.3948307Z        6 |   const preview = page.locator('.zm-gm');
gates / Playwright	UNKNOWN STEP	2026-05-28T03:56:23.3948666Z     >  7 |   await expect(preview).toBeVisible();
gates / Playwright	UNKNOWN STEP	2026-05-28T03:56:23.3948984Z          |                         ^
gates / Playwright	UNKNOWN STEP	2026-05-28T03:56:23.3949406Z        8 |   await expect(preview).toHaveAttribute('data-motion', 'triage-cycle');
gates / Playwright	UNKNOWN STEP	2026-05-28T03:56:23.3949796Z        9 |
gates / Playwright	UNKNOWN STEP	2026-05-28T03:56:23.3950004Z       10 |   await expect
gates / Playwright	UNKNOWN STEP	2026-05-28T03:56:23.3950805Z         at /home/runner/work/zero-mail/zero-mail/apps/web/e2e/landing-preview-motion.spec.ts:7:25
gates / Playwright	UNKNOWN STEP	2026-05-28T03:56:23.3951176Z 
gates / Playwright	UNKNOWN STEP	2026-05-28T03:56:23.3951697Z     Error Context: test-results/landing-preview-motion-her-d889c-es-the-active-AI-suggestion-chromium-retry2/error-context.md
gates / Playwright	UNKNOWN STEP	2026-05-28T03:56:23.3952208Z 
gates / Playwright	UNKNOWN STEP	2026-05-28T03:56:23.3952643Z     attachment #2: trace (application/zip) ─────────────────────────────────────────────────────────
gates / Playwright	UNKNOWN STEP	2026-05-28T03:56:23.3953416Z     test-results/landing-preview-motion-her-d889c-es-the-active-AI-suggestion-chromium-retry2/trace.zip
gates / Playwright	UNKNOWN STEP	2026-05-28T03:56:23.3953940Z     Usage:
gates / Playwright	UNKNOWN STEP	2026-05-28T03:56:23.3954050Z 
gates / Playwright	UNKNOWN STEP	2026-05-28T03:56:23.3954598Z         pnpm exec playwright show-trace test-results/landing-preview-motion-her-d889c-es-the-active-AI-suggestion-chromium-retry2/trace.zip
gates / Playwright	UNKNOWN STEP	2026-05-28T03:56:23.3955153Z 
gates / Playwright	UNKNOWN STEP	2026-05-28T03:56:23.3955528Z     ────────────────────────────────────────────────────────────────────────────────────────────────
gates / Playwright	UNKNOWN STEP	2026-05-28T03:56:23.3955808Z 
gates / Playwright	UNKNOWN STEP	2026-05-28T03:56:23.3956330Z   2) [chromium] › e2e/rules-history.spec.ts:28:7 › ai page renders protected senders empty state at desktop 
gates / Playwright	UNKNOWN STEP	2026-05-28T03:56:23.3956733Z 
gates / Playwright	UNKNOWN STEP	2026-05-28T03:56:23.3957104Z     Error: ^[[2mexpect(^[[22m^[[31mlocator^[[39m^[[2m).^[[22mtoBeVisible^[[2m(^[[22m^[[2m)^[[22m failed
gates / Playwright	UNKNOWN STEP	2026-05-28T03:56:23.3957435Z 
gates / Playwright	UNKNOWN STEP	2026-05-28T03:56:23.3957692Z     Locator: getByRole('heading', { name: 'AI configuration', exact: true })
gates / Playwright	UNKNOWN STEP	2026-05-28T03:56:23.3958275Z     Expected: visible
gates / Playwright	UNKNOWN STEP	2026-05-28T03:56:23.3958531Z     Timeout: 15000ms
gates / Playwright	UNKNOWN STEP	2026-05-28T03:56:23.3958800Z     Error: element(s) not found
gates / Playwright	UNKNOWN STEP	2026-05-28T03:56:23.3958978Z 
gates / Playwright	UNKNOWN STEP	2026-05-28T03:56:23.3959071Z     Call log:
gates / Playwright	UNKNOWN STEP	2026-05-28T03:56:23.3959442Z     ^[[2m  - Expect "toBeVisible" with timeout 15000ms^[[22m
gates / Playwright	UNKNOWN STEP	2026-05-28T03:56:23.3960032Z     ^[[2m  - waiting for getByRole('heading', { name: 'AI configuration', exact: true })^[[22m
gates / Playwright	UNKNOWN STEP	2026-05-28T03:56:23.3960601Z 
gates / Playwright	UNKNOWN STEP	2026-05-28T03:56:23.3960607Z 
gates / Playwright	UNKNOWN STEP	2026-05-28T03:56:23.3960714Z       32 |     await expect(
gates / Playwright	UNKNOWN STEP	2026-05-28T03:56:23.3961146Z       33 |       page.getByRole('heading', { name: 'AI configuration', exact: true }),
gates / Playwright	UNKNOWN STEP	2026-05-28T03:56:23.3961561Z     > 34 |     ).toBeVisible();
gates / Playwright	UNKNOWN STEP	2026-05-28T03:56:23.3961952Z          |       ^
gates / Playwright	UNKNOWN STEP	2026-05-28T03:56:23.3962392Z       35 |     await expect(page.getByText('Protected senders', { exact: true })).toBeVisible();
gates / Playwright	UNKNOWN STEP	2026-05-28T03:56:23.3962899Z       36 |     await expectNoHorizontalOverflow(page);
gates / Playwright	UNKNOWN STEP	2026-05-28T03:56:23.3963222Z       37 |   });
gates / Playwright	UNKNOWN STEP	2026-05-28T03:56:23.3963643Z         at /home/runner/work/zero-mail/zero-mail/apps/web/e2e/rules-history.spec.ts:34:7
gates / Playwright	UNKNOWN STEP	2026-05-28T03:56:23.3963973Z 
gates / Playwright	UNKNOWN STEP	2026-05-28T03:56:23.3964451Z     Error Context: test-results/rules-history-ai-page-rend-fcaa4-ders-empty-state-at-desktop-chromium/error-context.md
gates / Playwright	UNKNOWN STEP	2026-05-28T03:56:23.3964947Z 
gates / Playwright	UNKNOWN STEP	2026-05-28T03:56:23.3965370Z     attachment #2: trace (application/zip) ─────────────────────────────────────────────────────────
gates / Playwright	UNKNOWN STEP	2026-05-28T03:56:23.3966095Z     test-results/rules-history-ai-page-rend-fcaa4-ders-empty-state-at-desktop-chromium/trace.zip
gates / Playwright	UNKNOWN STEP	2026-05-28T03:56:23.3966594Z     Usage:
gates / Playwright	UNKNOWN STEP	2026-05-28T03:56:23.3966715Z 
gates / Playwright	UNKNOWN STEP	2026-05-28T03:56:23.3967221Z         pnpm exec playwright show-trace test-results/rules-history-ai-page-rend-fcaa4-ders-empty-state-at-desktop-chromium/trace.zip
gates / Playwright	UNKNOWN STEP	2026-05-28T03:56:23.3967756Z 
gates / Playwright	UNKNOWN STEP	2026-05-28T03:56:23.3968116Z     ────────────────────────────────────────────────────────────────────────────────────────────────
gates / Playwright	UNKNOWN STEP	2026-05-28T03:56:23.3968385Z 
gates / Playwright	UNKNOWN STEP	2026-05-28T03:56:23.3968767Z     Retry #1 ───────────────────────────────────────────────────────────────────────────────────────
gates / Playwright	UNKNOWN STEP	2026-05-28T03:56:23.3969057Z 
gates / Playwright	UNKNOWN STEP	2026-05-28T03:56:23.3969417Z     Error: ^[[2mexpect(^[[22m^[[31mlocator^[[39m^[[2m).^[[22mtoBeVisible^[[2m(^[[22m^[[2m)^[[22m failed
gates / Playwright	UNKNOWN STEP	2026-05-28T03:56:23.3969737Z 
gates / Playwright	UNKNOWN STEP	2026-05-28T03:56:23.3969986Z     Locator: getByRole('heading', { name: 'AI configuration', exact: true })
gates / Playwright	UNKNOWN STEP	2026-05-28T03:56:23.3970611Z     Expected: visible
gates / Playwright	UNKNOWN STEP	2026-05-28T03:56:23.3970862Z     Timeout: 15000ms
gates / Playwright	UNKNOWN STEP	2026-05-28T03:56:23.3971126Z     Error: element(s) not found
gates / Playwright	UNKNOWN STEP	2026-05-28T03:56:23.3971292Z 
gates / Playwright	UNKNOWN STEP	2026-05-28T03:56:23.3971391Z     Call log:
gates / Playwright	UNKNOWN STEP	2026-05-28T03:56:23.3971760Z     ^[[2m  - Expect "toBeVisible" with timeout 15000ms^[[22m
gates / Playwright	UNKNOWN STEP	2026-05-28T03:56:23.3972364Z     ^[[2m  - waiting for getByRole('heading', { name: 'AI configuration', exact: true })^[[22m
gates / Playwright	UNKNOWN STEP	2026-05-28T03:56:23.3972686Z 
gates / Playwright	UNKNOWN STEP	2026-05-28T03:56:23.3972692Z 
gates / Playwright	UNKNOWN STEP	2026-05-28T03:56:23.3972798Z       32 |     await expect(
gates / Playwright	UNKNOWN STEP	2026-05-28T03:56:23.3973390Z       33 |       page.getByRole('heading', { name: 'AI configuration', exact: true }),
gates / Playwright	UNKNOWN STEP	2026-05-28T03:56:23.3973812Z     > 34 |     ).toBeVisible();
gates / Playwright	UNKNOWN STEP	2026-05-28T03:56:23.3974057Z          |       ^
gates / Playwright	UNKNOWN STEP	2026-05-28T03:56:23.3974473Z       35 |     await expect(page.getByText('Protected senders', { exact: true })).toBeVisible();
gates / Playwright	UNKNOWN STEP	2026-05-28T03:56:23.3974976Z       36 |     await expectNoHorizontalOverflow(page);
gates / Playwright	UNKNOWN STEP	2026-05-28T03:56:23.3975276Z       37 |   });
gates / Playwright	UNKNOWN STEP	2026-05-28T03:56:23.3975676Z         at /home/runner/work/zero-mail/zero-mail/apps/web/e2e/rules-history.spec.ts:34:7
gates / Playwright	UNKNOWN STEP	2026-05-28T03:56:23.3976003Z 
gates / Playwright	UNKNOWN STEP	2026-05-28T03:56:23.3976503Z     Error Context: test-results/rules-history-ai-page-rend-fcaa4-ders-empty-state-at-desktop-chromium-retry1/error-context.md
gates / Playwright	UNKNOWN STEP	2026-05-28T03:56:23.3977186Z 
gates / Playwright	UNKNOWN STEP	2026-05-28T03:56:23.3977601Z     attachment #2: trace (application/zip) ─────────────────────────────────────────────────────────
gates / Playwright	UNKNOWN STEP	2026-05-28T03:56:23.3978344Z     test-results/rules-history-ai-page-rend-fcaa4-ders-empty-state-at-desktop-chromium-retry1/trace.zip
gates / Playwright	UNKNOWN STEP	2026-05-28T03:56:23.3978879Z     Usage:
gates / Playwright	UNKNOWN STEP	2026-05-28T03:56:23.3978992Z 
gates / Playwright	UNKNOWN STEP	2026-05-28T03:56:23.3979530Z         pnpm exec playwright show-trace test-results/rules-history-ai-page-rend-fcaa4-ders-empty-state-at-desktop-chromium-retry1/trace.zip
gates / Playwright	UNKNOWN STEP	2026-05-28T03:56:23.3980082Z 
gates / Playwright	UNKNOWN STEP	2026-05-28T03:56:23.3980635Z     ────────────────────────────────────────────────────────────────────────────────────────────────
gates / Playwright	UNKNOWN STEP	2026-05-28T03:56:23.3980916Z 
gates / Playwright	UNKNOWN STEP	2026-05-28T03:56:23.3981272Z     Retry #2 ───────────────────────────────────────────────────────────────────────────────────────
gates / Playwright	UNKNOWN STEP	2026-05-28T03:56:23.3981554Z 
gates / Playwright	UNKNOWN STEP	2026-05-28T03:56:23.3981900Z     Error: ^[[2mexpect(^[[22m^[[31mlocator^[[39m^[[2m).^[[22mtoBeVisible^[[2m(^[[22m^[[2m)^[[22m failed
gates / Playwright	UNKNOWN STEP	2026-05-28T03:56:23.3982214Z 
gates / Playwright	UNKNOWN STEP	2026-05-28T03:56:23.3982477Z     Locator: getByRole('heading', { name: 'AI configuration', exact: true })
gates / Playwright	UNKNOWN STEP	2026-05-28T03:56:23.3982857Z     Expected: visible
gates / Playwright	UNKNOWN STEP	2026-05-28T03:56:23.3983090Z     Timeout: 15000ms
gates / Playwright	UNKNOWN STEP	2026-05-28T03:56:23.3983343Z     Error: element(s) not found
gates / Playwright	UNKNOWN STEP	2026-05-28T03:56:23.3983520Z 
gates / Playwright	UNKNOWN STEP	2026-05-28T03:56:23.3983613Z     Call log:
gates / Playwright	UNKNOWN STEP	2026-05-28T03:56:23.3983955Z     ^[[2m  - Expect "toBeVisible" with timeout 15000ms^[[22m
gates / Playwright	UNKNOWN STEP	2026-05-28T03:56:23.3984516Z     ^[[2m  - waiting for getByRole('heading', { name: 'AI configuration', exact: true })^[[22m
gates / Playwright	UNKNOWN STEP	2026-05-28T03:56:23.3984843Z 
gates / Playwright	UNKNOWN STEP	2026-05-28T03:56:23.3984848Z 
gates / Playwright	UNKNOWN STEP	2026-05-28T03:56:23.3984953Z       32 |     await expect(
gates / Playwright	UNKNOWN STEP	2026-05-28T03:56:23.3985357Z       33 |       page.getByRole('heading', { name: 'AI configuration', exact: true }),
gates / Playwright	UNKNOWN STEP	2026-05-28T03:56:23.3985803Z     > 34 |     ).toBeVisible();
gates / Playwright	UNKNOWN STEP	2026-05-28T03:56:23.3986095Z          |       ^
gates / Playwright	UNKNOWN STEP	2026-05-28T03:56:23.3986536Z       35 |     await expect(page.getByText('Protected senders', { exact: true })).toBeVisible();
gates / Playwright	UNKNOWN STEP	2026-05-28T03:56:23.3987040Z       36 |     await expectNoHorizontalOverflow(page);
gates / Playwright	UNKNOWN STEP	2026-05-28T03:56:23.3987346Z       37 |   });
gates / Playwright	UNKNOWN STEP	2026-05-28T03:56:23.3987746Z         at /home/runner/work/zero-mail/zero-mail/apps/web/e2e/rules-history.spec.ts:34:7
gates / Playwright	UNKNOWN STEP	2026-05-28T03:56:23.3988072Z 
gates / Playwright	UNKNOWN STEP	2026-05-28T03:56:23.3988577Z     Error Context: test-results/rules-history-ai-page-rend-fcaa4-ders-empty-state-at-desktop-chromium-retry2/error-context.md
gates / Playwright	UNKNOWN STEP	2026-05-28T03:56:23.3989100Z 
gates / Playwright	UNKNOWN STEP	2026-05-28T03:56:23.3989520Z     attachment #2: trace (application/zip) ─────────────────────────────────────────────────────────
gates / Playwright	UNKNOWN STEP	2026-05-28T03:56:23.3990432Z     test-results/rules-history-ai-page-rend-fcaa4-ders-empty-state-at-desktop-chromium-retry2/trace.zip
gates / Playwright	UNKNOWN STEP	2026-05-28T03:56:23.3990965Z     Usage:
gates / Playwright	UNKNOWN STEP	2026-05-28T03:56:23.3991085Z 
gates / Playwright	UNKNOWN STEP	2026-05-28T03:56:23.3991615Z         pnpm exec playwright show-trace test-results/rules-history-ai-page-rend-fcaa4-ders-empty-state-at-desktop-chromium-retry2/trace.zip
gates / Playwright	UNKNOWN STEP	2026-05-28T03:56:23.3992172Z 
gates / Playwright	UNKNOWN STEP	2026-05-28T03:56:23.3992527Z     ────────────────────────────────────────────────────────────────────────────────────────────────
gates / Playwright	UNKNOWN STEP	2026-05-28T03:56:23.3992811Z 
gates / Playwright	UNKNOWN STEP	2026-05-28T03:56:23.3993589Z   3) [chromium] › e2e/rules-examples.spec.ts:14:9 › rules examples and auto-send setting › rules examples composer flow works at mobile 
gates / Playwright	UNKNOWN STEP	2026-05-28T03:56:23.3994086Z 
gates / Playwright	UNKNOWN STEP	2026-05-28T03:56:23.3994444Z     Error: ^[[2mexpect(^[[22m^[[31mlocator^[[39m^[[2m).^[[22mtoBeVisible^[[2m(^[[22m^[[2m)^[[22m failed
gates / Playwright	UNKNOWN STEP	2026-05-28T03:56:23.3994782Z 
gates / Playwright	UNKNOWN STEP	2026-05-28T03:56:23.3994949Z     Locator: getByText('Choose from examples')
gates / Playwright	UNKNOWN STEP	2026-05-28T03:56:23.3995264Z     Expected: visible
gates / Playwright	UNKNOWN STEP	2026-05-28T03:56:23.3995508Z     Timeout: 15000ms
gates / Playwright	UNKNOWN STEP	2026-05-28T03:56:23.3995773Z     Error: element(s) not found
gates / Playwright	UNKNOWN STEP	2026-05-28T03:56:23.3995934Z 
gates / Playwright	UNKNOWN STEP	2026-05-28T03:56:23.3996029Z     Call log:
gates / Playwright	UNKNOWN STEP	2026-05-28T03:56:23.3996376Z     ^[[2m  - Expect "toBeVisible" with timeout 15000ms^[[22m
gates / Playwright	UNKNOWN STEP	2026-05-28T03:56:23.3996846Z     ^[[2m  - waiting for getByText('Choose from examples')^[[22m
gates / Playwright	UNKNOWN STEP	2026-05-28T03:56:23.3997094Z 
gates / Playwright	UNKNOWN STEP	2026-05-28T03:56:23.3997104Z 
gates / Playwright	UNKNOWN STEP	2026-05-28T03:56:23.3997331Z       20 |
gates / Playwright	UNKNOWN STEP	2026-05-28T03:56:23.3997683Z       21 |       await page.getByRole('button', { name: 'Create rule' }).click();
gates / Playwright	UNKNOWN STEP	2026-05-28T03:56:23.3998214Z     > 22 |       await expect(page.getByText('Choose from examples')).toBeVisible();
gates / Playwright	UNKNOWN STEP	2026-05-28T03:56:23.3998674Z          |                                                            ^
gates / Playwright	UNKNOWN STEP	2026-05-28T03:56:23.3999117Z       23 |       await expect(page.getByText('Available actions')).toBeVisible();
gates / Playwright	UNKNOWN STEP	2026-05-28T03:56:23.3999602Z       24 |       await expect(page.getByText('Send reply')).toBeVisible();
gates / Playwright	UNKNOWN STEP	2026-05-28T03:56:23.4000254Z       25 |       await expect(page.getByText('Apply a Gmail label.')).toHaveCount(0);
gates / Playwright	UNKNOWN STEP	2026-05-28T03:56:23.4000907Z         at /home/runner/work/zero-mail/zero-mail/apps/web/e2e/rules-examples.spec.ts:22:60
gates / Playwright	UNKNOWN STEP	2026-05-28T03:56:23.4001245Z 
gates / Playwright	UNKNOWN STEP	2026-05-28T03:56:23.4001704Z     Error Context: test-results/rules-examples-rules-examp-4846e-mposer-flow-works-at-mobile-chromium/error-context.md
gates / Playwright	UNKNOWN STEP	2026-05-28T03:56:23.4002192Z 
gates / Playwright	UNKNOWN STEP	2026-05-28T03:56:23.4002612Z     attachment #2: trace (application/zip) ─────────────────────────────────────────────────────────
gates / Playwright	UNKNOWN STEP	2026-05-28T03:56:23.4003319Z     test-results/rules-examples-rules-examp-4846e-mposer-flow-works-at-mobile-chromium/trace.zip
gates / Playwright	UNKNOWN STEP	2026-05-28T03:56:23.4003816Z     Usage:
gates / Playwright	UNKNOWN STEP	2026-05-28T03:56:23.4003931Z 
gates / Playwright	UNKNOWN STEP	2026-05-28T03:56:23.4004416Z         pnpm exec playwright show-trace test-results/rules-examples-rules-examp-4846e-mposer-flow-works-at-mobile-chromium/trace.zip
gates / Playwright	UNKNOWN STEP	2026-05-28T03:56:23.4004935Z 
gates / Playwright	UNKNOWN STEP	2026-05-28T03:56:23.4005284Z     ────────────────────────────────────────────────────────────────────────────────────────────────
gates / Playwright	UNKNOWN STEP	2026-05-28T03:56:23.4005550Z 
gates / Playwright	UNKNOWN STEP	2026-05-28T03:56:23.4005643Z   2 failed
gates / Playwright	UNKNOWN STEP	2026-05-28T03:56:23.4006207Z     [chromium] › e2e/landing-preview-motion.spec.ts:3:5 › hero inbox preview cycles the active AI suggestion 
gates / Playwright	UNKNOWN STEP	2026-05-28T03:56:23.4007023Z     [chromium] › e2e/rules-history.spec.ts:28:7 › ai page renders protected senders empty state at desktop 
gates / Playwright	UNKNOWN STEP	2026-05-28T03:56:23.4007482Z   1 flaky
gates / Playwright	UNKNOWN STEP	2026-05-28T03:56:23.4008137Z     [chromium] › e2e/rules-examples.spec.ts:14:9 › rules examples and auto-send setting › rules examples composer flow works at mobile 
gates / Playwright	UNKNOWN STEP	2026-05-28T03:56:23.4008688Z   5 skipped
gates / Playwright	UNKNOWN STEP	2026-05-28T03:56:23.4008891Z   2 did not run
gates / Playwright	UNKNOWN STEP	2026-05-28T03:56:23.4009274Z   60 passed (4.1m)
gates / Playwright	UNKNOWN STEP	2026-05-28T03:56:23.4014301Z ##[notice]  2 failed
gates / Playwright	UNKNOWN STEP	    [chromium] › e2e/landing-preview-motion.spec.ts:3:5 › hero inbox preview cycles the active AI suggestion 
gates / Playwright	UNKNOWN STEP	    [chromium] › e2e/rules-history.spec.ts:28:7 › ai page renders protected senders empty state at desktop 
gates / Playwright	UNKNOWN STEP	  1 flaky
gates / Playwright	UNKNOWN STEP	    [chromium] › e2e/rules-examples.spec.ts:14:9 › rules examples and auto-send setting › rules examples composer flow works at mobile 
gates / Playwright	UNKNOWN STEP	  5 skipped
gates / Playwright	UNKNOWN STEP	  2 did not run
gates / Playwright	UNKNOWN STEP	  60 passed (4.1m)
gates / Playwright	UNKNOWN STEP	2026-05-28T03:56:23.4273235Z /home/runner/work/zero-mail/zero-mail/apps/web:
gates / Playwright	UNKNOWN STEP	2026-05-28T03:56:23.4274237Z [ERR_PNPM_RECURSIVE_RUN_FIRST_FAIL] web@0.1.0 test:e2e: `node ../../node_modules/@playwright/test/cli.js test`
gates / Playwright	UNKNOWN STEP	2026-05-28T03:56:23.4274990Z Exit status 1
gates / Playwright	UNKNOWN STEP	2026-05-28T03:56:23.4502206Z ##[error]Process completed with exit code 1.
gates / Playwright	UNKNOWN STEP	2026-05-28T03:56:23.4577161Z ##[group]Run actions/upload-artifact@v7
gates / Playwright	UNKNOWN STEP	2026-05-28T03:56:23.4577487Z with:
gates / Playwright	UNKNOWN STEP	2026-05-28T03:56:23.4577709Z   name: playwright-report
gates / Playwright	UNKNOWN STEP	2026-05-28T03:56:23.4577982Z   path: apps/web/playwright-report/
gates / Playwright	UNKNOWN STEP	2026-05-28T03:56:23.4578259Z   retention-days: 30
gates / Playwright	UNKNOWN STEP	2026-05-28T03:56:23.4578497Z   if-no-files-found: warn
gates / Playwright	UNKNOWN STEP	2026-05-28T03:56:23.4578742Z   compression-level: 6
gates / Playwright	UNKNOWN STEP	2026-05-28T03:56:23.4578968Z   overwrite: false
gates / Playwright	UNKNOWN STEP	2026-05-28T03:56:23.4579198Z   include-hidden-files: false
gates / Playwright	UNKNOWN STEP	2026-05-28T03:56:23.4579446Z   archive: true
gates / Playwright	UNKNOWN STEP	2026-05-28T03:56:23.4579655Z env:
gates / Playwright	UNKNOWN STEP	2026-05-28T03:56:23.4579909Z   PNPM_HOME: /home/runner/setup-pnpm/node_modules/.bin
gates / Playwright	UNKNOWN STEP	2026-05-28T03:56:23.4580458Z ##[endgroup]
gates / Playwright	UNKNOWN STEP	2026-05-28T03:56:23.6005335Z ##[warning]No files were found with the provided path: apps/web/playwright-report/. No artifacts will be uploaded.
gates / Playwright	UNKNOWN STEP	2026-05-28T03:56:23.6143086Z Post job cleanup.
gates / Playwright	UNKNOWN STEP	2026-05-28T03:56:23.7564122Z Pruning is unnecessary.
gates / Playwright	UNKNOWN STEP	2026-05-28T03:56:23.7708704Z Post job cleanup.
gates / Playwright	UNKNOWN STEP	2026-05-28T03:56:23.8572980Z [command]/usr/bin/git version
gates / Playwright	UNKNOWN STEP	2026-05-28T03:56:23.8642388Z git version 2.54.0
gates / Playwright	UNKNOWN STEP	2026-05-28T03:56:23.8679941Z Temporarily overriding HOME='/home/runner/work/_temp/0df909f6-3fe5-4379-9967-ba7eaeb86b16' before making global git config changes
gates / Playwright	UNKNOWN STEP	2026-05-28T03:56:23.8681185Z Adding repository directory to the temporary git global config as a safe directory
gates / Playwright	UNKNOWN STEP	2026-05-28T03:56:23.8685516Z [command]/usr/bin/git config --global --add safe.directory /home/runner/work/zero-mail/zero-mail
gates / Playwright	UNKNOWN STEP	2026-05-28T03:56:23.8717734Z Removing SSH command configuration
gates / Playwright	UNKNOWN STEP	2026-05-28T03:56:23.8724188Z [command]/usr/bin/git config --local --name-only --get-regexp core\.sshCommand
gates / Playwright	UNKNOWN STEP	2026-05-28T03:56:23.8758977Z [command]/usr/bin/git submodule foreach --recursive sh -c "git config --local --name-only --get-regexp 'core\.sshCommand' && git config --local --unset-all 'core.sshCommand' || :"
gates / Playwright	UNKNOWN STEP	2026-05-28T03:56:23.9001896Z Removing HTTP extra header
gates / Playwright	UNKNOWN STEP	2026-05-28T03:56:23.9007030Z [command]/usr/bin/git config --local --name-only --get-regexp http\.https\:\/\/github\.com\/\.extraheader
gates / Playwright	UNKNOWN STEP	2026-05-28T03:56:23.9042349Z [command]/usr/bin/git submodule foreach --recursive sh -c "git config --local --name-only --get-regexp 'http\.https\:\/\/github\.com\/\.extraheader' && git config --local --unset-all 'http.https://github.com/.extraheader' || :"
gates / Playwright	UNKNOWN STEP	2026-05-28T03:56:23.9277740Z Removing includeIf entries pointing to credentials config files
gates / Playwright	UNKNOWN STEP	2026-05-28T03:56:23.9284943Z [command]/usr/bin/git config --local --name-only --get-regexp ^includeIf\.gitdir:
gates / Playwright	UNKNOWN STEP	2026-05-28T03:56:23.9310354Z includeif.gitdir:/home/runner/work/zero-mail/zero-mail/.git.path
gates / Playwright	UNKNOWN STEP	2026-05-28T03:56:23.9311196Z includeif.gitdir:/home/runner/work/zero-mail/zero-mail/.git/worktrees/*.path
gates / Playwright	UNKNOWN STEP	2026-05-28T03:56:23.9311716Z includeif.gitdir:/github/workspace/.git.path
gates / Playwright	UNKNOWN STEP	2026-05-28T03:56:23.9312182Z includeif.gitdir:/github/workspace/.git/worktrees/*.path
gates / Playwright	UNKNOWN STEP	2026-05-28T03:56:23.9319181Z [command]/usr/bin/git config --local --get-all includeif.gitdir:/home/runner/work/zero-mail/zero-mail/.git.path
gates / Playwright	UNKNOWN STEP	2026-05-28T03:56:23.9342252Z /home/runner/work/_temp/git-credentials-10b212b9-0084-41b1-92b2-dad281782b78.config
gates / Playwright	UNKNOWN STEP	2026-05-28T03:56:23.9352182Z [command]/usr/bin/git config --local --unset includeif.gitdir:/home/runner/work/zero-mail/zero-mail/.git.path /home/runner/work/_temp/git-credentials-10b212b9-0084-41b1-92b2-dad281782b78.config
gates / Playwright	UNKNOWN STEP	2026-05-28T03:56:23.9387266Z [command]/usr/bin/git config --local --get-all includeif.gitdir:/home/runner/work/zero-mail/zero-mail/.git/worktrees/*.path
gates / Playwright	UNKNOWN STEP	2026-05-28T03:56:23.9410052Z /home/runner/work/_temp/git-credentials-10b212b9-0084-41b1-92b2-dad281782b78.config
gates / Playwright	UNKNOWN STEP	2026-05-28T03:56:23.9419165Z [command]/usr/bin/git config --local --unset includeif.gitdir:/home/runner/work/zero-mail/zero-mail/.git/worktrees/*.path /home/runner/work/_temp/git-credentials-10b212b9-0084-41b1-92b2-dad281782b78.config
gates / Playwright	UNKNOWN STEP	2026-05-28T03:56:23.9451782Z [command]/usr/bin/git config --local --get-all includeif.gitdir:/github/workspace/.git.path
gates / Playwright	UNKNOWN STEP	2026-05-28T03:56:23.9474446Z /github/runner_temp/git-credentials-10b212b9-0084-41b1-92b2-dad281782b78.config
gates / Playwright	UNKNOWN STEP	2026-05-28T03:56:23.9483061Z [command]/usr/bin/git config --local --unset includeif.gitdir:/github/workspace/.git.path /github/runner_temp/git-credentials-10b212b9-0084-41b1-92b2-dad281782b78.config
gates / Playwright	UNKNOWN STEP	2026-05-28T03:56:23.9515289Z [command]/usr/bin/git config --local --get-all includeif.gitdir:/github/workspace/.git/worktrees/*.path
gates / Playwright	UNKNOWN STEP	2026-05-28T03:56:23.9537969Z /github/runner_temp/git-credentials-10b212b9-0084-41b1-92b2-dad281782b78.config
gates / Playwright	UNKNOWN STEP	2026-05-28T03:56:23.9547953Z [command]/usr/bin/git config --local --unset includeif.gitdir:/github/workspace/.git/worktrees/*.path /github/runner_temp/git-credentials-10b212b9-0084-41b1-92b2-dad281782b78.config
gates / Playwright	UNKNOWN STEP	2026-05-28T03:56:23.9580923Z [command]/usr/bin/git submodule foreach --recursive git config --local --show-origin --name-only --get-regexp remote.origin.url
gates / Playwright	UNKNOWN STEP	2026-05-28T03:56:23.9824597Z Removing credentials config '/home/runner/work/_temp/git-credentials-10b212b9-0084-41b1-92b2-dad281782b78.config'
gates / Playwright	UNKNOWN STEP	2026-05-28T03:56:23.9972973Z Cleaning up orphan processes
